episode_id,config_id,n_players,n_rounds,winner_strategy,winner_score,avg_score,min_score,max_score,cfg_g_min,cfg_g_max,cfg_alpha,cfg_beta,cfg_pi_p,cfg_pi_r,cfg_pi_q,cfg_c_u,cfg_c_o
100,5,6,6,zero,5.112,2.323,0.015,5.112,0.2937,0.6621,0.7291,0.1634,4.2767,4.9581,8.76,12.9112,3.5808
101,5,6,6,full,7.397,1.083,-2.694,7.397,0.2937,0.6621,0.7291,0.1634,4.2767,4.9581,8.76,12.9112,3.5808
102,5,6,6,quarter,10.055,2.195,-0.091,10.055,0.2937,0.6621,0.7291,0.1634,4.2767,4.9581,8.76,12.9112,3.5808
103,5,6,6,full,3.647,0.58,-1.871,3.647,0.2937,0.6621,0.7291,0.1634,4.2767,4.9581,8.76,12.9112,3.5808
104,5,6,6,half,8.442,1.453,-0.966,8.442,0.2937,0.6621,0.7291,0.1634,4.2767,4.9581,8.76,12.9112,3.5808
105,5,6,6,full,11.318,0.529,-5.905,11.318,0.2937,0.6621,0.7291,0.1634,4.2767,4.9581,8.76,12.9112,3.5808
106,5,6,6,half,6.13,1.641,-0.561,6.13,0.2937,0.6621,0.7291,0.1634,4.2767,4.9581,8.76,12.9112,3.5808
107,5,6,6,full,3.326,0.401,-0.951,3.326,0.2937,0.6621,0.7291,0.1634,4.2767,4.9581,8.76,12.9112,3.5808
108,5,6,6,full,1.422,0.303,-0.775,1.422,0.2937,0.6621,0.7291,0.1634,4.2767,4.9581,8.76,12.9112,3.5808
109,5,6,6,half,5.937,1.203,-2.663,5.937,0.2937,0.6621,0.7291,0.1634,4.2767,4.9581,8.76,12.9112,3.5808
110,5,6,6,half,8.123,1.64,-1.176,8.123,0.2937,0.6621,0.7291,0.1634,4.2767,4.9581,8.76,12.9112,3.5808
111,5,6,6,full,8.848,0.671,-3.331,8.848,0.2937,0.6621,0.7291,0.1634,4.2767,4.9581,8.76,12.9112,3.5808
112,5,6,6,full,6.514,0.212,-7.762,6.514,0.2937,0.6621,0.7291,0.1634,4.2767,4.9581,8.76,12.9112,3.5808
113,5,6,6,three_quarter,10.447,1.645,-0.783,10.447,0.2937,0.6621,0.7291,0.1634,4.2767,4.9581,8.76,12.9112,3.5808
114,5,6,6,three_quarter,9.26,0.498,-9.021,9.26,0.2937,0.6621,0.7291,0.1634,4.2767,4.9581,8.76,12.9112,3.5808
115,5,6,6,full,5.038,1.094,-1.505,5.038,0.2937,0.6621,0.7291,0.1634,4.2767,4.9581,8.76,12.9112,3.5808
116,5,6,6,half,8.902,1.451,-1.45,8.902,0.2937,0.6621,0.7291,0.1634,4.2767,4.9581,8.76,12.9112,3.5808
117,5,6,6,full,5.76,1.617,-0.328,5.76,0.2937,0.6621,0.7291,0.1634,4.2767,4.9581,8.76,12.9112,3.5808
118,5,6,6,half,11.545,2.042,-0.461,11.545,0.2937,0.6621,0.7291,0.1634,4.2767,4.9581,8.76,12.9112,3.5808
119,5,6,6,quarter,6.27,1.788,-0.724,6.27,0.2937,0.6621,0.7291,0.1634,4.2767,4.9581,8.76,12.9112,3.5808
120,6,6,6,three_quarter,3.624,0.972,-0.922,3.624,0.1416,0.4545,0.3155,0.2677,3.2659,4.7716,10.8873,9.0348,3.4495
121,6,6,6,half,2.474,0.313,-1.806,2.474,0.1416,0.4545,0.3155,0.2677,3.2659,4.7716,10.8873,9.0348,3.4495
122,6,6,6,half,1.097,-0.306,-2.453,1.097,0.1416,0.4545,0.3155,0.2677,3.2659,4.7716,10.8873,9.0348,3.4495
123,6,6,6,quarter,0.47,-0.44,-1.343,0.47,0.1416,0.4545,0.3155,0.2677,3.2659,4.7716,10.8873,9.0348,3.4495
124,6,6,6,half,0.92,0.035,-1.197,0.92,0.1416,0.4545,0.3155,0.2677,3.2659,4.7716,10.8873,9.0348,3.4495
125,6,6,6,three_quarter,3.252,0.513,-2.757,3.252,0.1416,0.4545,0.3155,0.2677,3.2659,4.7716,10.8873,9.0348,3.4495
126,6,6,6,three_quarter,3.388,0.155,-5.352,3.388,0.1416,0.4545,0.3155,0.2677,3.2659,4.7716,10.8873,9.0348,3.4495
127,6,6,6,half,1.864,-0.021,-1.385,1.864,0.1416,0.4545,0.3155,0.2677,3.2659,4.7716,10.8873,9.0348,3.4495
128,6,6,6,half,2.977,0.394,-3.166,2.977,0.1416,0.4545,0.3155,0.2677,3.2659,4.7716,10.8873,9.0348,3.4495
129,6,6,6,half,1.349,0.285,-0.653,1.349,0.1416,0.4545,0.3155,0.2677,3.2659,4.7716,10.8873,9.0348,3.4495
130,6,6,6,three_quarter,4.083,0.384,-3.513,4.083,0.1416,0.4545,0.3155,0.2677,3.2659,4.7716,10.8873,9.0348,3.4495
131,6,6,6,half,2.213,0.239,-1.64,2.213,0.1416,0.4545,0.3155,0.2677,3.2659,4.7716,10.8873,9.0348,3.4495
132,6,6,6,quarter,0.722,-0.127,-2.263,0.722,0.1416,0.4545,0.3155,0.2677,3.2659,4.7716,10.8873,9.0348,3.4495
133,6,6,6,three_quarter,1.632,-0.181,-2.611,1.632,0.1416,0.4545,0.3155,0.2677,3.2659,4.7716,10.8873,9.0348,3.4495
134,6,6,6,full,4.085,0.771,-3.448,4.085,0.1416,0.4545,0.3155,0.2677,3.2659,4.7716,10.8873,9.0348,3.4495
135,6,6,6,full,8.002,0.435,-5.184,8.002,0.1416,0.4545,0.3155,0.2677,3.2659,4.7716,10.8873,9.0348,3.4495
136,6,6,6,half,3.204,0.67,-1.245,3.204,0.1416,0.4545,0.3155,0.2677,3.2659,4.7716,10.8873,9.0348,3.4495
137,6,6,6,three_quarter,3.116,0.902,-1.437,3.116,0.1416,0.4545,0.3155,0.2677,3.2659,4.7716,10.8873,9.0348,3.4495
138,6,6,6,quarter,1.831,0.316,-0.54,1.831,0.1416,0.4545,0.3155,0.2677,3.2659,4.7716,10.8873,9.0348,3.4495
139,6,6,6,quarter,1.337,0.305,-1.899,1.337,0.1416,0.4545,0.3155,0.2677,3.2659,4.7716,10.8873,9.0348,3.4495
140,7,6,6,three_quarter,7.168,1.141,-0.66,7.168,0.2335,0.6395,0.2466,0.5614,3.5764,3.3383,11.0804,10.3904,1.4869
141,7,6,6,three_quarter,8.349,1.166,-1.31,8.349,0.2335,0.6395,0.2466,0.5614,3.5764,3.3383,11.0804,10.3904,1.4869
142,7,6,6,quarter,6.291,1.527,-0.263,6.291,0.2335,0.6395,0.2466,0.5614,3.5764,3.3383,11.0804,10.3904,1.4869
143,7,6,6,tenth,3.543,1.349,-0.029,3.543,0.2335,0.6395,0.2466,0.5614,3.5764,3.3383,11.0804,10.3904,1.4869
144,7,6,6,full,6.141,1.184,-0.89,6.141,0.2335,0.6395,0.2466,0.5614,3.5764,3.3383,11.0804,10.3904,1.4869
145,7,6,6,half,2.933,0.78,-1.015,2.933,0.2335,0.6395,0.2466,0.5614,3.5764,3.3383,11.0804,10.3904,1.4869
146,7,6,6,zero,4.667,1.541,-0.024,4.667,0.2335,0.6395,0.2466,0.5614,3.5764,3.3383,11.0804,10.3904,1.4869
147,7,6,6,three_quarter,6.888,1.167,-0.192,6.888,0.2335,0.6395,0.2466,0.5614,3.5764,3.3383,11.0804,10.3904,1.4869
148,7,6,6,quarter,5.567,1.323,-0.104,5.567,0.2335,0.6395,0.2466,0.5614,3.5764,3.3383,11.0804,10.3904,1.4869
149,7,6,6,tenth,4.525,1.545,0.085,4.525,0.2335,0.6395,0.2466,0.5614,3.5764,3.3383,11.0804,10.3904,1.4869
150,7,6,6,zero,4.732,1.514,0.007,4.732,0.2335,0.6395,0.2466,0.5614,3.5764,3.3383,11.0804,10.3904,1.4869
151,7,6,6,full,3.938,0.724,-0.227,3.938,0.2335,0.6395,0.2466,0.5614,3.5764,3.3383,11.0804,10.3904,1.4869
152,7,6,6,half,6.327,1.469,-0.09,6.327,0.2335,0.6395,0.2466,0.5614,3.5764,3.3383,11.0804,10.3904,1.4869
153,7,6,6,half,5.263,1.589,-0.024,5.263,0.2335,0.6395,0.2466,0.5614,3.5764,3.3383,11.0804,10.3904,1.4869
154,7,6,6,full,5.07,1.257,-0.779,5.07,0.2335,0.6395,0.2466,0.5614,3.5764,3.3383,11.0804,10.3904,1.4869
155,7,6,6,three_quarter,3.95,1.324,-0.418,3.95,0.2335,0.6395,0.2466,0.5614,3.5764,3.3383,11.0804,10.3904,1.4869
156,7,6,6,zero,4.989,1.519,0.138,4.989,0.2335,0.6395,0.2466,0.5614,3.5764,3.3383,11.0804,10.3904,1.4869
157,7,6,6,quarter,5.969,1.411,-0.255,5.969,0.2335,0.6395,0.2466,0.5614,3.5764,3.3383,11.0804,10.3904,1.4869
158,7,6,6,full,10.992,1.17,-5.981,10.992,0.2335,0.6395,0.2466,0.5614,3.5764,3.3383,11.0804,10.3904,1.4869
159,7,6,6,half,6.268,1.507,-0.123,6.268,0.2335,0.6395,0.2466,0.5614,3.5764,3.3383,11.0804,10.3904,1.4869
160,8,6,6,quarter,0.603,-0.7,-3.92,0.603,0.0864,0.4052,0.1096,0.6274,6.7525,2.6886,3.5717,10.1059,4.9825
161,8,6,6,half,1.29,0.592,-1.038,1.29,0.0864,0.4052,0.1096,0.6274,6.7525,2.6886,3.5717,10.1059,4.9825
162,8,6,6,quarter,1.668,0.344,-0.972,1.668,0.0864,0.4052,0.1096,0.6274,6.7525,2.6886,3.5717,10.1059,4.9825
163,8,6,6,quarter,0.504,-0.976,-4.365,0.504,0.0864,0.4052,0.1096,0.6274,6.7525,2.6886,3.5717,10.1059,4.9825
164,8,6,6,quarter,4.763,0.556,-1.439,4.763,0.0864,0.4052,0.1096,0.6274,6.7525,2.6886,3.5717,10.1059,4.9825
165,8,6,6,full,2.877,0.215,-3.009,2.877,0.0864,0.4052,0.1096,0.6274,6.7525,2.6886,3.5717,10.1059,4.9825
166,8,6,6,quarter,1.266,-0.868,-6.421,1.266,0.0864,0.4052,0.1096,0.6274,6.7525,2.6886,3.5717,10.1059,4.9825
167,8,6,6,half,4.644,0.206,-5.426,4.644,0.0864,0.4052,0.1096,0.6274,6.7525,2.6886,3.5717,10.1059,4.9825
168,8,6,6,quarter,0.468,-0.719,-3.753,0.468,0.0864,0.4052,0.1096,0.6274,6.7525,2.6886,3.5717,10.1059,4.9825
169,8,6,6,half,3.882,0.838,-1.46,3.882,0.0864,0.4052,0.1096,0.6274,6.7525,2.6886,3.5717,10.1059,4.9825
170,8,6,6,half,7.107,0.803,-2.287,7.107,0.0864,0.4052,0.1096,0.6274,6.7525,2.6886,3.5717,10.1059,4.9825
171,8,6,6,quarter,3.13,0.447,-0.764,3.13,0.0864,0.4052,0.1096,0.6274,6.7525,2.6886,3.5717,10.1059,4.9825
172,8,6,6,full,1.956,0.036,-2.725,1.956,0.0864,0.4052,0.1096,0.6274,6.7525,2.6886,3.5717,10.1059,4.9825
173,8,6,6,quarter,2.35,0.391,-0.292,2.35,0.0864,0.4052,0.1096,0.6274,6.7525,2.6886,3.5717,10.1059,4.9825
174,8,6,6,quarter,0.427,-0.424,-1.597,0.427,0.0864,0.4052,0.1096,0.6274,6.7525,2.6886,3.5717,10.1059,4.9825
175,8,6,6,three_quarter,0.707,-0.787,-3.16,0.707,0.0864,0.4052,0.1096,0.6274,6.7525,2.6886,3.5717,10.1059,4.9825
176,8,6,6,half,2.064,-0.376,-3.179,2.064,0.0864,0.4052,0.1096,0.6274,6.7525,2.6886,3.5717,10.1059,4.9825
177,8,6,6,quarter,1.962,0.454,-0.801,1.962,0.0864,0.4052,0.1096,0.6274,6.7525,2.6886,3.5717,10.1059,4.9825
178,8,6,6,quarter,3.733,0.644,-2.394,3.733,0.0864,0.4052,0.1096,0.6274,6.7525,2.6886,3.5717,10.1059,4.9825
179,8,6,6,half,0.91,-1.043,-5.26,0.91,0.0864,0.4052,0.1096,0.6274,6.7525,2.6886,3.5717,10.1059,4.9825
180,9,6,6,half,8.973,2.256,-0.139,8.973,0.3943,0.6989,0.7207,0.6817,5.2218,2.0673,8.7687,5.7848,2.4564
181,9,6,6,tenth,3.685,1.943,-0.192,3.685,0.3943,0.6989,0.7207,0.6817,5.2218,2.0673,8.7687,5.7848,2.4564
182,9,6,6,three_quarter,9.947,2.186,-1.155,9.947,0.3943,0.6989,0.7207,0.6817,5.2218,2.0673,8.7687,5.7848,2.4564
183,9,6,6,three_quarter,7.418,1.933,-0.688,7.418,0.3943,0.6989,0.7207,0.6817,5.2218,2.0673,8.7687,5.7848,2.4564
184,9,6,6,full,8.824,2.154,-0.978,8.824,0.3943,0.6989,0.7207,0.6817,5.2218,2.0673,8.7687,5.7848,2.4564
185,9,6,6,three_quarter,10.9,2.154,-1.719,10.9,0.3943,0.6989,0.7207,0.6817,5.2218,2.0673,8.7687,5.7848,2.4564
186,9,6,6,three_quarter,7.385,2.113,-0.553,7.385,0.3943,0.6989,0.7207,0.6817,5.2218,2.0673,8.7687,5.7848,2.4564
187,9,6,6,full,12.555,2.154,-2.225,12.555,0.3943,0.6989,0.7207,0.6817,5.2218,2.0673,8.7687,5.7848,2.4564
188,9,6,6,three_quarter,11.635,2.005,-1.017,11.635,0.3943,0.6989,0.7207,0.6817,5.2218,2.0673,8.7687,5.7848,2.4564
189,9,6,6,three_quarter,10.334,2.639,-0.197,10.334,0.3943,0.6989,0.7207,0.6817,5.2218,2.0673,8.7687,5.7848,2.4564
190,9,6,6,quarter,6.905,1.841,0.158,6.905,0.3943,0.6989,0.7207,0.6817,5.2218,2.0673,8.7687,5.7848,2.4564
191,9,6,6,three_quarter,13.775,2.531,-1.202,13.775,0.3943,0.6989,0.7207,0.6817,5.2218,2.0673,8.7687,5.7848,2.4564
192,9,6,6,three_quarter,5.189,1.684,-0.226,5.189,0.3943,0.6989,0.7207,0.6817,5.2218,2.0673,8.7687,5.7848,2.4564
193,9,6,6,full,8.837,1.963,-1.537,8.837,0.3943,0.6989,0.7207,0.6817,5.2218,2.0673,8.7687,5.7848,2.4564
194,9,6,6,half,8.469,2.338,-1.613,8.469,0.3943,0.6989,0.7207,0.6817,5.2218,2.0673,8.7687,5.7848,2.4564
195,9,6,6,three_quarter,7.718,2.014,-0.459,7.718,0.3943,0.6989,0.7207,0.6817,5.2218,2.0673,8.7687,5.7848,2.4564
196,9,6,6,three_quarter,13.414,2.812,-0.785,13.414,0.3943,0.6989,0.7207,0.6817,5.2218,2.0673,8.7687,5.7848,2.4564
197,9,6,6,half,9.289,2.417,-0.573,9.289,0.3943,0.6989,0.7207,0.6817,5.2218,2.0673,8.7687,5.7848,2.4564
198,9,6,6,full,5.151,1.922,-0.62,5.151,0.3943,0.6989,0.7207,0.6817,5.2218,2.0673,8.7687,5.7848,2.4564
199,9,6,6,three_quarter,15.949,2.379,-1.851,15.949,0.3943,0.6989,0.7207,0.6817,5.2218,2.0673,8.7687,5.7848,2.4564
200,10,6,6,three_quarter,10.414,2.095,-2.732,10.414,0.4003,0.8057,0.5006,0.1787,7.4758,4.4821,5.686,14.2232,3.2404
201,10,6,6,full,14.374,1.63,-6.662,14.374,0.4003,0.8057,0.5006,0.1787,7.4758,4.4821,5.686,14.2232,3.2404
202,10,6,6,full,11.077,2.323,-2.45,11.077,0.4003,0.8057,0.5006,0.1787,7.4758,4.4821,5.686,14.2232,3.2404
203,10,6,6,three_quarter,13.404,2.905,-1.799,13.404,0.4003,0.8057,0.5006,0.1787,7.4758,4.4821,5.686,14.2232,3.2404
204,10,6,6,full,11.565,1.08,-5.328,11.565,0.4003,0.8057,0.5006,0.1787,7.4758,4.4821,5.686,14.2232,3.2404
205,10,6,6,three_quarter,8.111,3.134,-0.527,8.111,0.4003,0.8057,0.5006,0.1787,7.4758,4.4821,5.686,14.2232,3.2404
206,10,6,6,quarter,6.35,2.706,0.205,6.35,0.4003,0.8057,0.5006,0.1787,7.4758,4.4821,5.686,14.2232,3.2404
207,10,6,6,tenth,6.247,2.797,0.126,6.247,0.4003,0.8057,0.5006,0.1787,7.4758,4.4821,5.686,14.2232,3.2404
208,10,6,6,half,5.85,2.964,-0.116,5.85,0.4003,0.8057,0.5006,0.1787,7.4758,4.4821,5.686,14.2232,3.2404
209,10,6,6,three_quarter,19.068,2.961,-1.889,19.068,0.4003,0.8057,0.5006,0.1787,7.4758,4.4821,5.686,14.2232,3.2404
210,10,6,6,full,15.433,2.671,-2.076,15.433,0.4003,0.8057,0.5006,0.1787,7.4758,4.4821,5.686,14.2232,3.2404
211,10,6,6,three_quarter,14.993,2.321,-6.158,14.993,0.4003,0.8057,0.5006,0.1787,7.4758,4.4821,5.686,14.2232,3.2404
212,10,6,6,three_quarter,6.075,3.001,0.125,6.075,0.4003,0.8057,0.5006,0.1787,7.4758,4.4821,5.686,14.2232,3.2404
213,10,6,6,full,11.275,1.887,-6.073,11.275,0.4003,0.8057,0.5006,0.1787,7.4758,4.4821,5.686,14.2232,3.2404
214,10,6,6,full,9.931,2.048,-1.937,9.931,0.4003,0.8057,0.5006,0.1787,7.4758,4.4821,5.686,14.2232,3.2404
215,10,6,6,quarter,9.186,2.779,-0.176,9.186,0.4003,0.8057,0.5006,0.1787,7.4758,4.4821,5.686,14.2232,3.2404
216,10,6,6,half,12.057,3.609,0.087,12.057,0.4003,0.8057,0.5006,0.1787,7.4758,4.4821,5.686,14.2232,3.2404
217,10,6,6,full,9.85,3.004,-1.731,9.85,0.4003,0.8057,0.5006,0.1787,7.4758,4.4821,5.686,14.2232,3.2404
218,10,6,6,full,13.075,1.448,-9.154,13.075,0.4003,0.8057,0.5006,0.1787,7.4758,4.4821,5.686,14.2232,3.2404
219,10,6,6,full,15.815,1.586,-5.607,15.815,0.4003,0.8057,0.5006,0.1787,7.4758,4.4821,5.686,14.2232,3.2404
220,11,6,6,full,6.777,0.221,-9.019,6.777,0.2658,0.8772,0.5304,0.0006,3.9449,1.0779,11.3619,18.0596,4.2425
221,11,6,6,full,7.725,0.874,-2.782,7.725,0.2658,0.8772,0.5304,0.0006,3.9449,1.0779,11.3619,18.0596,4.2425
222,11,6,6,three_quarter,2.705,1.109,-1.125,2.705,0.2658,0.8772,0.5304,0.0006,3.9449,1.0779,11.3619,18.0596,4.2425
223,11,6,6,full,13.511,0.011,-12.678,13.511,0.2658,0.8772,0.5304,0.0006,3.9449,1.0779,11.3619,18.0596,4.2425
224,11,6,6,quarter,3.847,1.453,-0.6,3.847,0.2658,0.8772,0.5304,0.0006,3.9449,1.0779,11.3619,18.0596,4.2425
225,11,6,6,three_quarter,1.734,0.76,-0.214,1.734,0.2658,0.8772,0.5304,0.0006,3.9449,1.0779,11.3619,18.0596,4.2425
226,11,6,6,three_quarter,3.764,0.965,-0.954,3.764,0.2658,0.8772,0.5304,0.0006,3.9449,1.0779,11.3619,18.0596,4.2425
227,11,6,6,full,6.733,0.455,-4.746,6.733,0.2658,0.8772,0.5304,0.0006,3.9449,1.0779,11.3619,18.0596,4.2425
228,11,6,6,half,8.045,1.358,-2.006,8.045,0.2658,0.8772,0.5304,0.0006,3.9449,1.0779,11.3619,18.0596,4.2425
229,11,6,6,full,8.423,0.59,-4.464,8.423,0.2658,0.8772,0.5304,0.0006,3.9449,1.0779,11.3619,18.0596,4.2425
230,11,6,6,half,7.418,1.741,-0.666,7.418,0.2658,0.8772,0.5304,0.0006,3.9449,1.0779,11.3619,18.0596,4.2425
231,11,6,6,full,11.263,0.362,-6.089,11.263,0.2658,0.8772,0.5304,0.0006,3.9449,1.0779,11.3619,18.0596,4.2425
232,11,6,6,half,7.315,1.129,-1.37,7.315,0.2658,0.8772,0.5304,0.0006,3.9449,1.0779,11.3619,18.0596,4.2425
233,11,6,6,three_quarter,10.118,1.402,-2.566,10.118,0.2658,0.8772,0.5304,0.0006,3.9449,1.0779,11.3619,18.0596,4.2425
234,11,6,6,full,5.578,0.248,-6.91,5.578,0.2658,0.8772,0.5304,0.0006,3.9449,1.0779,11.3619,18.0596,4.2425
235,11,6,6,full,3.6,-0.025,-2.413,3.6,0.2658,0.8772,0.5304,0.0006,3.9449,1.0779,11.3619,18.0596,4.2425
236,11,6,6,full,3.634,1.114,-1.168,3.634,0.2658,0.8772,0.5304,0.0006,3.9449,1.0779,11.3619,18.0596,4.2425
237,11,6,6,full,11.364,0.527,-4.579,11.364,0.2658,0.8772,0.5304,0.0006,3.9449,1.0779,11.3619,18.0596,4.2425
238,11,6,6,full,6.904,0.163,-5.25,6.904,0.2658,0.8772,0.5304,0.0006,3.9449,1.0779,11.3619,18.0596,4.2425
239,11,6,6,half,7.042,1.052,-1.355,7.042,0.2658,0.8772,0.5304,0.0006,3.9449,1.0779,11.3619,18.0596,4.2425
240,12,6,6,full,11.564,1.565,-1.956,11.564,0.4012,0.99,0.0857,0.486,2.4153,4.0424,9.8925,6.0543,2.6388
241,12,6,6,zero,9.894,2.702,0.334,9.894,0.4012,0.99,0.0857,0.486,2.4153,4.0424,9.8925,6.0543,2.6388
242,12,6,6,quarter,10.703,2.696,0.302,10.703,0.4012,0.99,0.0857,0.486,2.4153,4.0424,9.8925,6.0543,2.6388
243,12,6,6,three_quarter,9.606,1.852,-0.386,9.606,0.4012,0.99,0.0857,0.486,2.4153,4.0424,9.8925,6.0543,2.6388
244,12,6,6,quarter,11.674,2.623,0.115,11.674,0.4012,0.99,0.0857,0.486,2.4153,4.0424,9.8925,6.0543,2.6388
245,12,6,6,zero,6.447,2.263,-0.006,6.447,0.4012,0.99,0.0857,0.486,2.4153,4.0424,9.8925,6.0543,2.6388
246,12,6,6,tenth,7.83,2.194,0.131,7.83,0.4012,0.99,0.0857,0.486,2.4153,4.0424,9.8925,6.0543,2.6388
247,12,6,6,tenth,9.879,2.673,0.27,9.879,0.4012,0.99,0.0857,0.486,2.4153,4.0424,9.8925,6.0543,2.6388
248,12,6,6,full,6.255,0.713,-2.284,6.255,0.4012,0.99,0.0857,0.486,2.4153,4.0424,9.8925,6.0543,2.6388
249,12,6,6,half,7.435,1.921,-0.155,7.435,0.4012,0.99,0.0857,0.486,2.4153,4.0424,9.8925,6.0543,2.6388
250,12,6,6,quarter,10.083,2.386,0.005,10.083,0.4012,0.99,0.0857,0.486,2.4153,4.0424,9.8925,6.0543,2.6388
251,12,6,6,full,13.413,1.859,-1.206,13.413,0.4012,0.99,0.0857,0.486,2.4153,4.0424,9.8925,6.0543,2.6388
252,12,6,6,full,11.55,1.599,-1.198,11.55,0.4012,0.99,0.0857,0.486,2.4153,4.0424,9.8925,6.0543,2.6388
253,12,6,6,three_quarter,10.739,2.04,-0.016,10.739,0.4012,0.99,0.0857,0.486,2.4153,4.0424,9.8925,6.0543,2.6388
254,12,6,6,three_quarter,8.604,1.323,-1.307,8.604,0.4012,0.99,0.0857,0.486,2.4153,4.0424,9.8925,6.0543,2.6388
255,12,6,6,half,10.347,2.444,-0.029,10.347,0.4012,0.99,0.0857,0.486,2.4153,4.0424,9.8925,6.0543,2.6388
256,12,6,6,half,7.514,1.862,-0.161,7.514,0.4012,0.99,0.0857,0.486,2.4153,4.0424,9.8925,6.0543,2.6388
257,12,6,6,quarter,11.246,2.909,0.044,11.246,0.4012,0.99,0.0857,0.486,2.4153,4.0424,9.8925,6.0543,2.6388
258,12,6,6,tenth,8.004,2.225,0.032,8.004,0.4012,0.99,0.0857,0.486,2.4153,4.0424,9.8925,6.0543,2.6388
259,12,6,6,half,7.28,1.963,-0.058,7.28,0.4012,0.99,0.0857,0.486,2.4153,4.0424,9.8925,6.0543,2.6388
260,13,6,6,full,13.907,0.803,-7.104,13.907,0.399,0.8682,0.2118,0.5393,6.3796,1.8046,5.8054,19.9224,3.4245
261,13,6,6,three_quarter,14.941,2.772,-2.941,14.941,0.399,0.8682,0.2118,0.5393,6.3796,1.8046,5.8054,19.9224,3.4245
262,13,6,6,half,4.61,1.77,-0.534,4.61,0.399,0.8682,0.2118,0.5393,6.3796,1.8046,5.8054,19.9224,3.4245
263,13,6,6,half,9.17,2.201,-1.414,9.17,0.399,0.8682,0.2118,0.5393,6.3796,1.8046,5.8054,19.9224,3.4245
264,13,6,6,half,4.816,2.125,0.03,4.816,0.399,0.8682,0.2118,0.5393,6.3796,1.8046,5.8054,19.9224,3.4245
265,13,6,6,half,3.594,2.18,-0.348,3.594,0.399,0.8682,0.2118,0.5393,6.3796,1.8046,5.8054,19.9224,3.4245
266,13,6,6,half,9.728,2.3,-2.075,9.728,0.399,0.8682,0.2118,0.5393,6.3796,1.8046,5.8054,19.9224,3.4245
267,13,6,6,half,12.484,2.423,-1.65,12.484,0.399,0.8682,0.2118,0.5393,6.3796,1.8046,5.8054,19.9224,3.4245
268,13,6,6,quarter,4.999,2.164,-0.381,4.999,0.399,0.8682,0.2118,0.5393,6.3796,1.8046,5.8054,19.9224,3.4245
269,13,6,6,half,3.302,1.718,0.835,3.302,0.399,0.8682,0.2118,0.5393,6.3796,1.8046,5.8054,19.9224,3.4245
270,13,6,6,three_quarter,5.689,1.435,-0.164,5.689,0.399,0.8682,0.2118,0.5393,6.3796,1.8046,5.8054,19.9224,3.4245
271,13,6,6,full,15.34,0.481,-8.213,15.34,0.399,0.8682,0.2118,0.5393,6.3796,1.8046,5.8054,19.9224,3.4245
272,13,6,6,full,5.319,1.788,-1.284,5.319,0.399,0.8682,0.2118,0.5393,6.3796,1.8046,5.8054,19.9224,3.4245
273,13,6,6,three_quarter,8.043,1.851,-2.609,8.043,0.399,0.8682,0.2118,0.5393,6.3796,1.8046,5.8054,19.9224,3.4245
274,13,6,6,half,8.624,2.162,-1.225,8.624,0.399,0.8682,0.2118,0.5393,6.3796,1.8046,5.8054,19.9224,3.4245
275,13,6,6,full,4.318,2.046,-0.414,4.318,0.399,0.8682,0.2118,0.5393,6.3796,1.8046,5.8054,19.9224,3.4245
276,13,6,6,quarter,4.516,1.551,-1.069,4.516,0.399,0.8682,0.2118,0.5393,6.3796,1.8046,5.8054,19.9224,3.4245
277,13,6,6,full,8.008,0.554,-3.138,8.008,0.399,0.8682,0.2118,0.5393,6.3796,1.8046,5.8054,19.9224,3.4245
278,13,6,6,half,5.524,2.482,-0.689,5.524,0.399,0.8682,0.2118,0.5393,6.3796,1.8046,5.8054,19.9224,3.4245
279,13,6,6,half,10.712,2.06,-1.691,10.712,0.399,0.8682,0.2118,0.5393,6.3796,1.8046,5.8054,19.9224,3.4245
280,14,6,6,half,3.216,-0.011,-3.551,3.216,0.0984,0.4883,0.3381,0.5883,3.3807,1.8809,3.6389,14.0976,1.5302
281,14,6,6,quarter,2.234,0.364,-0.809,2.234,0.0984,0.4883,0.3381,0.5883,3.3807,1.8809,3.6389,14.0976,1.5302
282,14,6,6,three_quarter,3.368,0.309,-1.799,3.368,0.0984,0.4883,0.3381,0.5883,3.3807,1.8809,3.6389,14.0976,1.5302
283,14,6,6,three_quarter,1.659,0.348,-0.619,1.659,0.0984,0.4883,0.3381,0.5883,3.3807,1.8809,3.6389,14.0976,1.5302
284,14,6,6,three_quarter,2.441,0.262,-0.712,2.441,0.0984,0.4883,0.3381,0.5883,3.3807,1.8809,3.6389,14.0976,1.5302
285,14,6,6,half,3.153,0.17,-2.258,3.153,0.0984,0.4883,0.3381,0.5883,3.3807,1.8809,3.6389,14.0976,1.5302
286,14,6,6,three_quarter,0.515,0.207,-0.214,0.515,0.0984,0.4883,0.3381,0.5883,3.3807,1.8809,3.6389,14.0976,1.5302
287,14,6,6,three_quarter,1.826,-0.499,-6.267,1.826,0.0984,0.4883,0.3381,0.5883,3.3807,1.8809,3.6389,14.0976,1.5302
288,14,6,6,three_quarter,0.538,-0.388,-2.416,0.538,0.0984,0.4883,0.3381,0.5883,3.3807,1.8809,3.6389,14.0976,1.5302
289,14,6,6,quarter,0.885,0.322,-0.431,0.885,0.0984,0.4883,0.3381,0.5883,3.3807,1.8809,3.6389,14.0976,1.5302
290,14,6,6,half,1.998,0.284,-0.369,1.998,0.0984,0.4883,0.3381,0.5883,3.3807,1.8809,3.6389,14.0976,1.5302
291,14,6,6,quarter,4.448,0.754,-0.706,4.448,0.0984,0.4883,0.3381,0.5883,3.3807,1.8809,3.6389,14.0976,1.5302
292,14,6,6,half,3.965,0.248,-3.095,3.965,0.0984,0.4883,0.3381,0.5883,3.3807,1.8809,3.6389,14.0976,1.5302
293,14,6,6,half,2.866,0.044,-2.485,2.866,0.0984,0.4883,0.3381,0.5883,3.3807,1.8809,3.6389,14.0976,1.5302
294,14,6,6,half,3.486,0.525,-0.869,3.486,0.0984,0.4883,0.3381,0.5883,3.3807,1.8809,3.6389,14.0976,1.5302
295,14,6,6,half,2.415,0.284,-0.794,2.415,0.0984,0.4883,0.3381,0.5883,3.3807,1.8809,3.6389,14.0976,1.5302
296,14,6,6,three_quarter,3.372,-0.745,-8.466,3.372,0.0984,0.4883,0.3381,0.5883,3.3807,1.8809,3.6389,14.0976,1.5302
297,14,6,6,full,3.616,-0.622,-5.113,3.616,0.0984,0.4883,0.3381,0.5883,3.3807,1.8809,3.6389,14.0976,1.5302
298,14,6,6,quarter,1.816,0.346,-1.455,1.816,0.0984,0.4883,0.3381,0.5883,3.3807,1.8809,3.6389,14.0976,1.5302
299,14,6,6,full,1.44,0.011,-1.542,1.44,0.0984,0.4883,0.3381,0.5883,3.3807,1.8809,3.6389,14.0976,1.5302
0,0,6,6,three_quarter,7.384,2.486,-0.042,7.384,0.3058,0.6158,0.275,0.2232,6.4188,3.7068,11.0296,5.391,2.3986
1,0,6,6,full,15.496,2.224,-4.622,15.496,0.3058,0.6158,0.275,0.2232,6.4188,3.7068,11.0296,5.391,2.3986
2,0,6,6,full,12.873,2.305,-1.343,12.873,0.3058,0.6158,0.275,0.2232,6.4188,3.7068,11.0296,5.391,2.3986
3,0,6,6,full,11.443,2.584,-0.149,11.443,0.3058,0.6158,0.275,0.2232,6.4188,3.7068,11.0296,5.391,2.3986
4,0,6,6,full,10.146,2.683,-0.256,10.146,0.3058,0.6158,0.275,0.2232,6.4188,3.7068,11.0296,5.391,2.3986
5,0,6,6,half,9.666,2.743,-0.794,9.666,0.3058,0.6158,0.275,0.2232,6.4188,3.7068,11.0296,5.391,2.3986
6,0,6,6,half,8.657,2.727,-0.775,8.657,0.3058,0.6158,0.275,0.2232,6.4188,3.7068,11.0296,5.391,2.3986
7,0,6,6,three_quarter,6.822,2.942,-0.632,6.822,0.3058,0.6158,0.275,0.2232,6.4188,3.7068,11.0296,5.391,2.3986
8,0,6,6,quarter,5.278,2.173,-0.294,5.278,0.3058,0.6158,0.275,0.2232,6.4188,3.7068,11.0296,5.391,2.3986
9,0,6,6,half,3.276,1.982,0.546,3.276,0.3058,0.6158,0.275,0.2232,6.4188,3.7068,11.0296,5.391,2.3986
10,0,6,6,half,9.427,2.567,-0.629,9.427,0.3058,0.6158,0.275,0.2232,6.4188,3.7068,11.0296,5.391,2.3986
11,0,6,6,full,7.081,2.483,-0.395,7.081,0.3058,0.6158,0.275,0.2232,6.4188,3.7068,11.0296,5.391,2.3986
12,0,6,6,full,12.811,2.55,-1.814,12.811,0.3058,0.6158,0.275,0.2232,6.4188,3.7068,11.0296,5.391,2.3986
13,0,6,6,full,7.276,2.743,-0.588,7.276,0.3058,0.6158,0.275,0.2232,6.4188,3.7068,11.0296,5.391,2.3986
14,0,6,6,three_quarter,5.903,2.181,0.033,5.903,0.3058,0.6158,0.275,0.2232,6.4188,3.7068,11.0296,5.391,2.3986
15,0,6,6,three_quarter,11.35,2.807,-0.921,11.35,0.3058,0.6158,0.275,0.2232,6.4188,3.7068,11.0296,5.391,2.3986
16,0,6,6,full,8.101,2.801,-0.453,8.101,0.3058,0.6158,0.275,0.2232,6.4188,3.7068,11.0296,5.391,2.3986
17,0,6,6,full,13.509,2.482,-2.036,13.509,0.3058,0.6158,0.275,0.2232,6.4188,3.7068,11.0296,5.391,2.3986
18,0,6,6,full,10.266,2.553,-0.431,10.266,0.3058,0.6158,0.275,0.2232,6.4188,3.7068,11.0296,5.391,2.3986
19,0,6,6,full,8.823,2.765,-0.391,8.823,0.3058,0.6158,0.275,0.2232,6.4188,3.7068,11.0296,5.391,2.3986
20,1,6,6,three_quarter,10.223,1.421,-2.145,10.223,0.2521,0.5628,0.1988,0.6499,5.2696,1.8818,8.3034,16.9509,0.5292
21,1,6,6,three_quarter,9.957,1.515,-1.502,9.957,0.2521,0.5628,0.1988,0.6499,5.2696,1.8818,8.3034,16.9509,0.5292
22,1,6,6,full,3.052,0.889,-2.375,3.052,0.2521,0.5628,0.1988,0.6499,5.2696,1.8818,8.3034,16.9509,0.5292
23,1,6,6,full,3.424,0.162,-4.588,3.424,0.2521,0.5628,0.1988,0.6499,5.2696,1.8818,8.3034,16.9509,0.5292
24,1,6,6,half,9.644,1.186,-3.614,9.644,0.2521,0.5628,0.1988,0.6499,5.2696,1.8818,8.3034,16.9509,0.5292
25,1,6,6,three_quarter,8.018,1.513,-1.528,8.018,0.2521,0.5628,0.1988,0.6499,5.2696,1.8818,8.3034,16.9509,0.5292
26,1,6,6,three_quarter,5.988,1.578,-1.983,5.988,0.2521,0.5628,0.1988,0.6499,5.2696,1.8818,8.3034,16.9509,0.5292
27,1,6,6,three_quarter,7.105,0.212,-6.381,7.105,0.2521,0.5628,0.1988,0.6499,5.2696,1.8818,8.3034,16.9509,0.5292
28,1,6,6,half,4.577,1.067,-1.687,4.577,0.2521,0.5628,0.1988,0.6499,5.2696,1.8818,8.3034,16.9509,0.5292
29,1,6,6,half,10.291,1.804,-1.34,10.291,0.2521,0.5628,0.1988,0.6499,5.2696,1.8818,8.3034,16.9509,0.5292
30,1,6,6,three_quarter,3.369,0.276,-3.626,3.369,0.2521,0.5628,0.1988,0.6499,5.2696,1.8818,8.3034,16.9509,0.5292
31,1,6,6,three_quarter,8.923,1.508,-0.883,8.923,0.2521,0.5628,0.1988,0.6499,5.2696,1.8818,8.3034,16.9509,0.5292
32,1,6,6,three_quarter,5.615,1.101,-2.232,5.615,0.2521,0.5628,0.1988,0.6499,5.2696,1.8818,8.3034,16.9509,0.5292
33,1,6,6,half,5.167,0.993,-1.816,5.167,0.2521,0.5628,0.1988,0.6499,5.2696,1.8818,8.3034,16.9509,0.5292
34,1,6,6,half,10.875,1.816,-1.285,10.875,0.2521,0.5628,0.1988,0.6499,5.2696,1.8818,8.3034,16.9509,0.5292
35,1,6,6,quarter,5.505,1.29,-0.727,5.505,0.2521,0.5628,0.1988,0.6499,5.2696,1.8818,8.3034,16.9509,0.5292
36,1,6,6,three_quarter,3.574,0.28,-5.437,3.574,0.2521,0.5628,0.1988,0.6499,5.2696,1.8818,8.3034,16.9509,0.5292
37,1,6,6,full,2.538,0.487,-0.623,2.538,0.2521,0.5628,0.1988,0.6499,5.2696,1.8818,8.3034,16.9509,0.5292
38,1,6,6,tenth,3.195,1.027,-0.478,3.195,0.2521,0.5628,0.1988,0.6499,5.2696,1.8818,8.3034,16.9509,0.5292
39,1,6,6,quarter,5.137,1.143,-0.944,5.137,0.2521,0.5628,0.1988,0.6499,5.2696,1.8818,8.3034,16.9509,0.5292
40,2,6,6,full,6.116,-0.198,-5.51,6.116,0.1861,0.5483,0.9572,0.3366,2.5565,1.3869,10.6274,13.6596,4.1321
41,2,6,6,half,2.165,0.193,-2.127,2.165,0.1861,0.5483,0.9572,0.3366,2.5565,1.3869,10.6274,13.6596,4.1321
42,2,6,6,three_quarter,2.443,0.531,-1.379,2.443,0.1861,0.5483,0.9572,0.3366,2.5565,1.3869,10.6274,13.6596,4.1321
43,2,6,6,full,3.354,-0.026,-3.302,3.354,0.1861,0.5483,0.9572,0.3366,2.5565,1.3869,10.6274,13.6596,4.1321
44,2,6,6,half,0.242,-0.824,-4.134,0.242,0.1861,0.5483,0.9572,0.3366,2.5565,1.3869,10.6274,13.6596,4.1321
45,2,6,6,three_quarter,3.445,-0.073,-1.935,3.445,0.1861,0.5483,0.9572,0.3366,2.5565,1.3869,10.6274,13.6596,4.1321
46,2,6,6,full,2.19,0.387,-0.769,2.19,0.1861,0.5483,0.9572,0.3366,2.5565,1.3869,10.6274,13.6596,4.1321
47,2,6,6,half,1.007,-0.636,-3.031,1.007,0.1861,0.5483,0.9572,0.3366,2.5565,1.3869,10.6274,13.6596,4.1321
48,2,6,6,half,3.791,0.561,-1.02,3.791,0.1861,0.5483,0.9572,0.3366,2.5565,1.3869,10.6274,13.6596,4.1321
49,2,6,6,three_quarter,1.394,0.342,-1.986,1.394,0.1861,0.5483,0.9572,0.3366,2.5565,1.3869,10.6274,13.6596,4.1321
50,2,6,6,half,4.6,0.586,-1.684,4.6,0.1861,0.5483,0.9572,0.3366,2.5565,1.3869,10.6274,13.6596,4.1321
51,2,6,6,full,2.727,0.535,-1.192,2.727,0.1861,0.5483,0.9572,0.3366,2.5565,1.3869,10.6274,13.6596,4.1321
52,2,6,6,full,6.784,0.159,-4.552,6.784,0.1861,0.5483,0.9572,0.3366,2.5565,1.3869,10.6274,13.6596,4.1321
53,2,6,6,half,2.591,-0.298,-4.201,2.591,0.1861,0.5483,0.9572,0.3366,2.5565,1.3869,10.6274,13.6596,4.1321
54,2,6,6,three_quarter,0.793,-0.5,-2.222,0.793,0.1861,0.5483,0.9572,0.3366,2.5565,1.3869,10.6274,13.6596,4.1321
55,2,6,6,half,0.912,-0.921,-4.445,0.912,0.1861,0.5483,0.9572,0.3366,2.5565,1.3869,10.6274,13.6596,4.1321
56,2,6,6,three_quarter,5.966,-0.094,-5.434,5.966,0.1861,0.5483,0.9572,0.3366,2.5565,1.3869,10.6274,13.6596,4.1321
57,2,6,6,quarter,1.706,0.668,-0.561,1.706,0.1861,0.5483,0.9572,0.3366,2.5565,1.3869,10.6274,13.6596,4.1321
58,2,6,6,full,10.347,-0.266,-11.761,10.347,0.1861,0.5483,0.9572,0.3366,2.5565,1.3869,10.6274,13.6596,4.1321
59,2,6,6,three_quarter,1.545,-0.356,-5.125,1.545,0.1861,0.5483,0.9572,0.3366,2.5565,1.3869,10.6274,13.6596,4.1321
60,3,6,6,full,6.205,2.699,-0.783,6.205,0.4392,0.8907,0.552,0.8294,5.7111,4.4468,8.1962,15.2731,0.7062
61,3,6,6,quarter,12.194,3.408,0.125,12.194,0.4392,0.8907,0.552,0.8294,5.7111,4.4468,8.1962,15.2731,0.7062
62,3,6,6,tenth,10.582,3.355,0.263,10.582,0.4392,0.8907,0.552,0.8294,5.7111,4.4468,8.1962,15.2731,0.7062
63,3,6,6,full,18.776,2.393,-3.139,18.776,0.4392,0.8907,0.552,0.8294,5.7111,4.4468,8.1962,15.2731,0.7062
64,3,6,6,full,17.958,2.868,-1.622,17.958,0.4392,0.8907,0.552,0.8294,5.7111,4.4468,8.1962,15.2731,0.7062
65,3,6,6,three_quarter,7.145,2.83,-0.587,7.145,0.4392,0.8907,0.552,0.8294,5.7111,4.4468,8.1962,15.2731,0.7062
66,3,6,6,quarter,7.194,2.59,-0.877,7.194,0.4392,0.8907,0.552,0.8294,5.7111,4.4468,8.1962,15.2731,0.7062
67,3,6,6,zero,7.595,3.03,0.275,7.595,0.4392,0.8907,0.552,0.8294,5.7111,4.4468,8.1962,15.2731,0.7062
68,3,6,6,three_quarter,18.7,2.78,-1.906,18.7,0.4392,0.8907,0.552,0.8294,5.7111,4.4468,8.1962,15.2731,0.7062
69,3,6,6,half,6.723,2.865,0.004,6.723,0.4392,0.8907,0.552,0.8294,5.7111,4.4468,8.1962,15.2731,0.7062
70,3,6,6,three_quarter,13.34,2.541,-1.893,13.34,0.4392,0.8907,0.552,0.8294,5.7111,4.4468,8.1962,15.2731,0.7062
71,3,6,6,full,6.57,2.501,-0.596,6.57,0.4392,0.8907,0.552,0.8294,5.7111,4.4468,8.1962,15.2731,0.7062
72,3,6,6,zero,8.314,3.418,0.898,8.314,0.4392,0.8907,0.552,0.8294,5.7111,4.4468,8.1962,15.2731,0.7062
73,3,6,6,full,9.964,2.705,-0.264,9.964,0.4392,0.8907,0.552,0.8294,5.7111,4.4468,8.1962,15.2731,0.7062
74,3,6,6,full,7.6,2.332,-0.19,7.6,0.4392,0.8907,0.552,0.8294,5.7111,4.4468,8.1962,15.2731,0.7062
75,3,6,6,half,13.809,3.158,0.381,13.809,0.4392,0.8907,0.552,0.8294,5.7111,4.4468,8.1962,15.2731,0.7062
76,3,6,6,quarter,11.43,3.365,0.331,11.43,0.4392,0.8907,0.552,0.8294,5.7111,4.4468,8.1962,15.2731,0.7062
77,3,6,6,three_quarter,17.604,3.154,-1.031,17.604,0.4392,0.8907,0.552,0.8294,5.7111,4.4468,8.1962,15.2731,0.7062
78,3,6,6,full,21.031,1.397,-9.834,21.031,0.4392,0.8907,0.552,0.8294,5.7111,4.4468,8.1962,15.2731,0.7062
79,3,6,6,quarter,11.286,3.318,0.199,11.286,0.4392,0.8907,0.552,0.8294,5.7111,4.4468,8.1962,15.2731,0.7062
80,4,6,6,full,4.543,0.252,-4.326,4.543,0.0819,0.475,0.101,0.278,5.8141,2.4593,6.3316,7.3521,1.7014
81,4,6,6,quarter,4.088,1.261,-0.411,4.088,0.0819,0.475,0.101,0.278,5.8141,2.4593,6.3316,7.3521,1.7014
82,4,6,6,full,2.905,0.43,-1.737,2.905,0.0819,0.475,0.101,0.278,5.8141,2.4593,6.3316,7.3521,1.7014
83,4,6,6,three_quarter,2.264,0.405,-0.432,2.264,0.0819,0.475,0.101,0.278,5.8141,2.4593,6.3316,7.3521,1.7014
84,4,6,6,three_quarter,7.24,0.819,-4.003,7.24,0.0819,0.475,0.101,0.278,5.8141,2.4593,6.3316,7.3521,1.7014
85,4,6,6,half,1.546,0.384,-0.207,1.546,0.0819,0.475,0.101,0.278,5.8141,2.4593,6.3316,7.3521,1.7014
86,4,6,6,half,4.557,0.721,-0.779,4.557,0.0819,0.475,0.101,0.278,5.8141,2.4593,6.3316,7.3521,1.7014
87,4,6,6,three_quarter,2.49,0.775,0.027,2.49,0.0819,0.475,0.101,0.278,5.8141,2.4593,6.3316,7.3521,1.7014
88,4,6,6,full,1.028,0.255,-0.524,1.028,0.0819,0.475,0.101,0.278,5.8141,2.4593,6.3316,7.3521,1.7014
89,4,6,6,half,4.655,0.92,-0.037,4.655,0.0819,0.475,0.101,0.278,5.8141,2.4593,6.3316,7.3521,1.7014
90,4,6,6,quarter,2.935,0.778,-0.127,2.935,0.0819,0.475,0.101,0.278,5.8141,2.4593,6.3316,7.3521,1.7014
91,4,6,6,three_quarter,4.298,0.709,-1.103,4.298,0.0819,0.475,0.101,0.278,5.8141,2.4593,6.3316,7.3521,1.7014
92,4,6,6,three_quarter,6.4,1.664,-0.238,6.4,0.0819,0.475,0.101,0.278,5.8141,2.4593,6.3316,7.3521,1.7014
93,4,6,6,half,2.875,0.405,-3.093,2.875,0.0819,0.475,0.101,0.278,5.8141,2.4593,6.3316,7.3521,1.7014
94,4,6,6,quarter,3.84,0.936,-0.186,3.84,0.0819,0.475,0.101,0.278,5.8141,2.4593,6.3316,7.3521,1.7014
95,4,6,6,half,5.923,1.084,-0.153,5.923,0.0819,0.475,0.101,0.278,5.8141,2.4593,6.3316,7.3521,1.7014
96,4,6,6,full,5.819,0.619,-2.208,5.819,0.0819,0.475,0.101,0.278,5.8141,2.4593,6.3316,7.3521,1.7014
97,4,6,6,quarter,7.045,1.48,-0.294,7.045,0.0819,0.475,0.101,0.278,5.8141,2.4593,6.3316,7.3521,1.7014
98,4,6,6,half,6.015,0.897,-1.795,6.015,0.0819,0.475,0.101,0.278,5.8141,2.4593,6.3316,7.3521,1.7014
99,4,6,6,quarter,5.42,1.289,-0.363,5.42,0.0819,0.475,0.101,0.278,5.8141,2.4593,6.3316,7.3521,1.7014
300,15,6,6,quarter,2.07,0.308,-0.311,2.07,0.0783,0.4735,0.669,0.2142,2.7939,4.7421,8.1394,11.5627,4.0308
301,15,6,6,full,0.364,-0.82,-3.31,0.364,0.0783,0.4735,0.669,0.2142,2.7939,4.7421,8.1394,11.5627,4.0308
302,15,6,6,quarter,0.058,-1.611,-8.698,0.058,0.0783,0.4735,0.669,0.2142,2.7939,4.7421,8.1394,11.5627,4.0308
303,15,6,6,full,0.047,-0.737,-3.354,0.047,0.0783,0.4735,0.669,0.2142,2.7939,4.7421,8.1394,11.5627,4.0308
304,15,6,6,quarter,2.61,0.583,-0.513,2.61,0.0783,0.4735,0.669,0.2142,2.7939,4.7421,8.1394,11.5627,4.0308
305,15,6,6,quarter,0.011,-0.84,-3.219,0.011,0.0783,0.4735,0.669,0.2142,2.7939,4.7421,8.1394,11.5627,4.0308
306,15,6,6,half,0.133,-1.688,-9.731,0.133,0.0783,0.4735,0.669,0.2142,2.7939,4.7421,8.1394,11.5627,4.0308
307,15,6,6,half,0.642,-0.094,-0.964,0.642,0.0783,0.4735,0.669,0.2142,2.7939,4.7421,8.1394,11.5627,4.0308
308,15,6,6,half,0.132,-1.921,-10.612,0.132,0.0783,0.4735,0.669,0.2142,2.7939,4.7421,8.1394,11.5627,4.0308
309,15,6,6,three_quarter,2.17,0.296,-0.847,2.17,0.0783,0.4735,0.669,0.2142,2.7939,4.7421,8.1394,11.5627,4.0308
310,15,6,6,zero,6.006,1.447,0.164,6.006,0.0783,0.4735,0.669,0.2142,2.7939,4.7421,8.1394,11.5627,4.0308
311,15,6,6,half,0.227,-0.744,-3.466,0.227,0.0783,0.4735,0.669,0.2142,2.7939,4.7421,8.1394,11.5627,4.0308
312,15,6,6,quarter,2.744,0.584,-0.498,2.744,0.0783,0.4735,0.669,0.2142,2.7939,4.7421,8.1394,11.5627,4.0308
313,15,6,6,three_quarter,0.054,-2.234,-12.813,0.054,0.0783,0.4735,0.669,0.2142,2.7939,4.7421,8.1394,11.5627,4.0308
314,15,6,6,full,0.225,-1.097,-5.318,0.225,0.0783,0.4735,0.669,0.2142,2.7939,4.7421,8.1394,11.5627,4.0308
315,15,6,6,quarter,1.6,0.305,-0.301,1.6,0.0783,0.4735,0.669,0.2142,2.7939,4.7421,8.1394,11.5627,4.0308
316,15,6,6,half,0.003,-1.413,-7.255,0.003,0.0783,0.4735,0.669,0.2142,2.7939,4.7421,8.1394,11.5627,4.0308
317,15,6,6,half,0.007,-1.068,-5.789,0.007,0.0783,0.4735,0.669,0.2142,2.7939,4.7421,8.1394,11.5627,4.0308
318,15,6,6,three_quarter,0.192,-2.102,-10.792,0.192,0.0783,0.4735,0.669,0.2142,2.7939,4.7421,8.1394,11.5627,4.0308
319,15,6,6,full,2.248,0.446,-0.81,2.248,0.0783,0.4735,0.669,0.2142,2.7939,4.7421,8.1394,11.5627,4.0308
320,16,6,6,full,6.325,1.775,-0.386,6.325,0.0888,0.5612,0.4236,0.467,6.3745,3.6935,11.8575,5.5747,2.3118
321,16,6,6,full,7.145,1.765,-1.128,7.145,0.0888,0.5612,0.4236,0.467,6.3745,3.6935,11.8575,5.5747,2.3118
322,16,6,6,three_quarter,10.709,2.654,-1.821,10.709,0.0888,0.5612,0.4236,0.467,6.3745,3.6935,11.8575,5.5747,2.3118
323,16,6,6,half,3.22,1.193,-0.495,3.22,0.0888,0.5612,0.4236,0.467,6.3745,3.6935,11.8575,5.5747,2.3118
324,16,6,6,half,7.232,1.696,-0.655,7.232,0.0888,0.5612,0.4236,0.467,6.3745,3.6935,11.8575,5.5747,2.3118
325,16,6,6,half,8.588,2.171,-1.143,8.588,0.0888,0.5612,0.4236,0.467,6.3745,3.6935,11.8575,5.5747,2.3118
326,16,6,6,three_quarter,4.776,1.981,-0.341,4.776,0.0888,0.5612,0.4236,0.467,6.3745,3.6935,11.8575,5.5747,2.3118
327,16,6,6,full,3.288,1.934,-0.191,3.288,0.0888,0.5612,0.4236,0.467,6.3745,3.6935,11.8575,5.5747,2.3118
328,16,6,6,three_quarter,2.909,1.022,-2.876,2.909,0.0888,0.5612,0.4236,0.467,6.3745,3.6935,11.8575,5.5747,2.3118
329,16,6,6,quarter,2.827,1.85,-0.22,2.827,0.0888,0.5612,0.4236,0.467,6.3745,3.6935,11.8575,5.5747,2.3118
330,16,6,6,full,5.937,1.741,-2.016,5.937,0.0888,0.5612,0.4236,0.467,6.3745,3.6935,11.8575,5.5747,2.3118
331,16,6,6,full,2.973,1.01,-0.537,2.973,0.0888,0.5612,0.4236,0.467,6.3745,3.6935,11.8575,5.5747,2.3118
332,16,6,6,half,2.427,0.739,-1.222,2.427,0.0888,0.5612,0.4236,0.467,6.3745,3.6935,11.8575,5.5747,2.3118
333,16,6,6,full,5.254,1.498,-0.765,5.254,0.0888,0.5612,0.4236,0.467,6.3745,3.6935,11.8575,5.5747,2.3118
334,16,6,6,half,5.769,1.794,-0.484,5.769,0.0888,0.5612,0.4236,0.467,6.3745,3.6935,11.8575,5.5747,2.3118
335,16,6,6,full,3.797,1.77,-0.164,3.797,0.0888,0.5612,0.4236,0.467,6.3745,3.6935,11.8575,5.5747,2.3118
336,16,6,6,three_quarter,5.045,1.253,-1.521,5.045,0.0888,0.5612,0.4236,0.467,6.3745,3.6935,11.8575,5.5747,2.3118
337,16,6,6,three_quarter,7.127,1.697,-3.251,7.127,0.0888,0.5612,0.4236,0.467,6.3745,3.6935,11.8575,5.5747,2.3118
338,16,6,6,three_quarter,7.272,2.046,-1.399,7.272,0.0888,0.5612,0.4236,0.467,6.3745,3.6935,11.8575,5.5747,2.3118
339,16,6,6,half,2.957,1.35,-0.083,2.957,0.0888,0.5612,0.4236,0.467,6.3745,3.6935,11.8575,5.5747,2.3118
340,17,6,6,three_quarter,5.809,0.493,-3.088,5.809,0.1495,0.5255,0.4486,0.4219,3.6713,1.9992,11.3094,11.0901,4.3761
341,17,6,6,full,4.309,0.719,-3.168,4.309,0.1495,0.5255,0.4486,0.4219,3.6713,1.9992,11.3094,11.0901,4.3761
342,17,6,6,full,1.008,-0.468,-4.025,1.008,0.1495,0.5255,0.4486,0.4219,3.6713,1.9992,11.3094,11.0901,4.3761
343,17,6,6,half,2.838,0.512,-1.523,2.838,0.1495,0.5255,0.4486,0.4219,3.6713,1.9992,11.3094,11.0901,4.3761
344,17,6,6,quarter,1.851,0.728,-0.639,1.851,0.1495,0.5255,0.4486,0.4219,3.6713,1.9992,11.3094,11.0901,4.3761
345,17,6,6,full,3.17,0.875,-0.694,3.17,0.1495,0.5255,0.4486,0.4219,3.6713,1.9992,11.3094,11.0901,4.3761
346,17,6,6,three_quarter,1.218,-1.405,-7.004,1.218,0.1495,0.5255,0.4486,0.4219,3.6713,1.9992,11.3094,11.0901,4.3761
347,17,6,6,half,1.979,-0.402,-2.244,1.979,0.1495,0.5255,0.4486,0.4219,3.6713,1.9992,11.3094,11.0901,4.3761
348,17,6,6,three_quarter,3.342,0.076,-2.773,3.342,0.1495,0.5255,0.4486,0.4219,3.6713,1.9992,11.3094,11.0901,4.3761
349,17,6,6,half,1.164,-0.067,-1.986,1.164,0.1495,0.5255,0.4486,0.4219,3.6713,1.9992,11.3094,11.0901,4.3761
350,17,6,6,full,4.153,0.87,-0.91,4.153,0.1495,0.5255,0.4486,0.4219,3.6713,1.9992,11.3094,11.0901,4.3761
351,17,6,6,quarter,2.222,0.476,-1.143,2.222,0.1495,0.5255,0.4486,0.4219,3.6713,1.9992,11.3094,11.0901,4.3761
352,17,6,6,three_quarter,3.233,0.933,-0.446,3.233,0.1495,0.5255,0.4486,0.4219,3.6713,1.9992,11.3094,11.0901,4.3761
353,17,6,6,three_quarter,0.742,-1.077,-5.45,0.742,0.1495,0.5255,0.4486,0.4219,3.6713,1.9992,11.3094,11.0901,4.3761
354,17,6,6,full,6.58,0.57,-2.928,6.58,0.1495,0.5255,0.4486,0.4219,3.6713,1.9992,11.3094,11.0901,4.3761
355,17,6,6,full,0.868,-0.024,-1.134,0.868,0.1495,0.5255,0.4486,0.4219,3.6713,1.9992,11.3094,11.0901,4.3761
356,17,6,6,three_quarter,1.233,-0.472,-2.483,1.233,0.1495,0.5255,0.4486,0.4219,3.6713,1.9992,11.3094,11.0901,4.3761
357,17,6,6,full,7.953,0.449,-9.19,7.953,0.1495,0.5255,0.4486,0.4219,3.6713,1.9992,11.3094,11.0901,4.3761
358,17,6,6,half,3.472,0.627,-0.608,3.472,0.1495,0.5255,0.4486,0.4219,3.6713,1.9992,11.3094,11.0901,4.3761
359,17,6,6,three_quarter,0.603,-0.867,-4.283,0.603,0.1495,0.5255,0.4486,0.4219,3.6713,1.9992,11.3094,11.0901,4.3761
360,18,6,6,three_quarter,17.257,3.705,-1.048,17.257,0.4497,0.99,0.969,0.9264,7.0922,1.6652,7.3708,7.42,2.3047
361,18,6,6,three_quarter,17.51,4.55,-0.18,17.51,0.4497,0.99,0.969,0.9264,7.0922,1.6652,7.3708,7.42,2.3047
362,18,6,6,tenth,5.122,2.222,0.506,5.122,0.4497,0.99,0.969,0.9264,7.0922,1.6652,7.3708,7.42,2.3047
363,18,6,6,three_quarter,6.027,2.377,0.467,6.027,0.4497,0.99,0.969,0.9264,7.0922,1.6652,7.3708,7.42,2.3047
364,18,6,6,full,4.099,2.199,0.042,4.099,0.4497,0.99,0.969,0.9264,7.0922,1.6652,7.3708,7.42,2.3047
365,18,6,6,three_quarter,8.552,2.783,0.266,8.552,0.4497,0.99,0.969,0.9264,7.0922,1.6652,7.3708,7.42,2.3047
366,18,6,6,tenth,3.895,2.513,-0.249,3.895,0.4497,0.99,0.969,0.9264,7.0922,1.6652,7.3708,7.42,2.3047
367,18,6,6,half,12.165,3.472,-0.331,12.165,0.4497,0.99,0.969,0.9264,7.0922,1.6652,7.3708,7.42,2.3047
368,18,6,6,half,5.527,2.136,0.617,5.527,0.4497,0.99,0.969,0.9264,7.0922,1.6652,7.3708,7.42,2.3047
369,18,6,6,three_quarter,4.15,2.314,-0.199,4.15,0.4497,0.99,0.969,0.9264,7.0922,1.6652,7.3708,7.42,2.3047
370,18,6,6,full,19.683,4.486,-0.632,19.683,0.4497,0.99,0.969,0.9264,7.0922,1.6652,7.3708,7.42,2.3047
371,18,6,6,full,19.405,3.995,-1.14,19.405,0.4497,0.99,0.969,0.9264,7.0922,1.6652,7.3708,7.42,2.3047
372,18,6,6,quarter,8.037,3.27,0.146,8.037,0.4497,0.99,0.969,0.9264,7.0922,1.6652,7.3708,7.42,2.3047
373,18,6,6,three_quarter,5.15,2.112,0.602,5.15,0.4497,0.99,0.969,0.9264,7.0922,1.6652,7.3708,7.42,2.3047
374,18,6,6,full,23.899,3.996,-0.904,23.899,0.4497,0.99,0.969,0.9264,7.0922,1.6652,7.3708,7.42,2.3047
375,18,6,6,full,22.549,3.204,-2.168,22.549,0.4497,0.99,0.969,0.9264,7.0922,1.6652,7.3708,7.42,2.3047
376,18,6,6,full,19.231,4.162,-0.736,19.231,0.4497,0.99,0.969,0.9264,7.0922,1.6652,7.3708,7.42,2.3047
377,18,6,6,full,22.945,3.851,-2.088,22.945,0.4497,0.99,0.969,0.9264,7.0922,1.6652,7.3708,7.42,2.3047
378,18,6,6,quarter,7.135,2.843,-0.183,7.135,0.4497,0.99,0.969,0.9264,7.0922,1.6652,7.3708,7.42,2.3047
379,18,6,6,half,12.69,2.998,0.411,12.69,0.4497,0.99,0.969,0.9264,7.0922,1.6652,7.3708,7.42,2.3047
380,19,6,6,half,8.901,2.448,-0.605,8.901,0.4441,0.8502,0.7841,0.455,4.538,4.8293,11.9588,12.8923,3.7328
381,19,6,6,three_quarter,15.64,2.537,-2.04,15.64,0.4441,0.8502,0.7841,0.455,4.538,4.8293,11.9588,12.8923,3.7328
382,19,6,6,quarter,9.278,2.752,0.039,9.278,0.4441,0.8502,0.7841,0.455,4.538,4.8293,11.9588,12.8923,3.7328
383,19,6,6,quarter,10.834,3.344,-0.234,10.834,0.4441,0.8502,0.7841,0.455,4.538,4.8293,11.9588,12.8923,3.7328
384,19,6,6,three_quarter,10.808,2.874,-0.294,10.808,0.4441,0.8502,0.7841,0.455,4.538,4.8293,11.9588,12.8923,3.7328
385,19,6,6,full,7.251,2.623,-0.718,7.251,0.4441,0.8502,0.7841,0.455,4.538,4.8293,11.9588,12.8923,3.7328
386,19,6,6,half,9.236,2.75,-0.705,9.236,0.4441,0.8502,0.7841,0.455,4.538,4.8293,11.9588,12.8923,3.7328
387,19,6,6,half,10.748,2.987,-0.465,10.748,0.4441,0.8502,0.7841,0.455,4.538,4.8293,11.9588,12.8923,3.7328
388,19,6,6,three_quarter,14.815,3.283,-0.419,14.815,0.4441,0.8502,0.7841,0.455,4.538,4.8293,11.9588,12.8923,3.7328
389,19,6,6,full,21.438,2.445,-3.123,21.438,0.4441,0.8502,0.7841,0.455,4.538,4.8293,11.9588,12.8923,3.7328
390,19,6,6,half,10.747,2.964,-0.368,10.747,0.4441,0.8502,0.7841,0.455,4.538,4.8293,11.9588,12.8923,3.7328
391,19,6,6,tenth,6.946,2.973,-0.274,6.946,0.4441,0.8502,0.7841,0.455,4.538,4.8293,11.9588,12.8923,3.7328
392,19,6,6,tenth,8.627,2.922,0.185,8.627,0.4441,0.8502,0.7841,0.455,4.538,4.8293,11.9588,12.8923,3.7328
393,19,6,6,zero,6.42,2.935,0.005,6.42,0.4441,0.8502,0.7841,0.455,4.538,4.8293,11.9588,12.8923,3.7328
394,19,6,6,full,7.666,2.526,-0.648,7.666,0.4441,0.8502,0.7841,0.455,4.538,4.8293,11.9588,12.8923,3.7328
395,19,6,6,half,12.157,3.01,0.188,12.157,0.4441,0.8502,0.7841,0.455,4.538,4.8293,11.9588,12.8923,3.7328
396,19,6,6,zero,6.941,2.914,0.212,6.941,0.4441,0.8502,0.7841,0.455,4.538,4.8293,11.9588,12.8923,3.7328
397,19,6,6,three_quarter,15.217,2.364,-2.762,15.217,0.4441,0.8502,0.7841,0.455,4.538,4.8293,11.9588,12.8923,3.7328
398,19,6,6,half,11.128,2.894,0.03,11.128,0.4441,0.8502,0.7841,0.455,4.538,4.8293,11.9588,12.8923,3.7328
399,19,6,6,quarter,9.463,3.052,0.188,9.463,0.4441,0.8502,0.7841,0.455,4.538,4.8293,11.9588,12.8923,3.7328
500,25,6,6,full,2.431,-0.08,-2.603,2.431,0.0962,0.439,0.5532,0.2723,5.629,3.8704,4.8324,14.1478,1.6879
501,25,6,6,half,4.189,0.851,-1.115,4.189,0.0962,0.439,0.5532,0.2723,5.629,3.8704,4.8324,14.1478,1.6879
502,25,6,6,half,3.384,0.127,-4.964,3.384,0.0962,0.439,0.5532,0.2723,5.629,3.8704,4.8324,14.1478,1.6879
503,25,6,6,quarter,3.757,0.855,-1.035,3.757,0.0962,0.439,0.5532,0.2723,5.629,3.8704,4.8324,14.1478,1.6879
504,25,6,6,zero,2.134,0.733,0.046,2.134,0.0962,0.439,0.5532,0.2723,5.629,3.8704,4.8324,14.1478,1.6879
505,25,6,6,half,2.159,0.009,-5.33,2.159,0.0962,0.439,0.5532,0.2723,5.629,3.8704,4.8324,14.1478,1.6879
506,25,6,6,three_quarter,2.858,0.067,-4.475,2.858,0.0962,0.439,0.5532,0.2723,5.629,3.8704,4.8324,14.1478,1.6879
507,25,6,6,quarter,2.687,0.362,-3.033,2.687,0.0962,0.439,0.5532,0.2723,5.629,3.8704,4.8324,14.1478,1.6879
508,25,6,6,three_quarter,2.119,0.594,-0.961,2.119,0.0962,0.439,0.5532,0.2723,5.629,3.8704,4.8324,14.1478,1.6879
509,25,6,6,three_quarter,1.714,0.1,-1.789,1.714,0.0962,0.439,0.5532,0.2723,5.629,3.8704,4.8324,14.1478,1.6879
510,25,6,6,full,4.213,-0.397,-7.178,4.213,0.0962,0.439,0.5532,0.2723,5.629,3.8704,4.8324,14.1478,1.6879
511,25,6,6,three_quarter,2.066,0.25,-2.318,2.066,0.0962,0.439,0.5532,0.2723,5.629,3.8704,4.8324,14.1478,1.6879
512,25,6,6,three_quarter,3.261,0.542,-1.771,3.261,0.0962,0.439,0.5532,0.2723,5.629,3.8704,4.8324,14.1478,1.6879
513,25,6,6,full,2.358,0.464,-2.204,2.358,0.0962,0.439,0.5532,0.2723,5.629,3.8704,4.8324,14.1478,1.6879
514,25,6,6,quarter,1.952,0.031,-4.612,1.952,0.0962,0.439,0.5532,0.2723,5.629,3.8704,4.8324,14.1478,1.6879
515,25,6,6,half,6.345,0.488,-4.839,6.345,0.0962,0.439,0.5532,0.2723,5.629,3.8704,4.8324,14.1478,1.6879
516,25,6,6,quarter,1.943,0.709,-0.145,1.943,0.0962,0.439,0.5532,0.2723,5.629,3.8704,4.8324,14.1478,1.6879
517,25,6,6,three_quarter,3.77,0.142,-2.83,3.77,0.0962,0.439,0.5532,0.2723,5.629,3.8704,4.8324,14.1478,1.6879
518,25,6,6,three_quarter,3.102,0.717,-1.084,3.102,0.0962,0.439,0.5532,0.2723,5.629,3.8704,4.8324,14.1478,1.6879
519,25,6,6,half,3.152,0.433,-1.767,3.152,0.0962,0.439,0.5532,0.2723,5.629,3.8704,4.8324,14.1478,1.6879
520,26,6,6,three_quarter,1.361,0.035,-0.706,1.361,0.3884,0.7254,0.4236,0.2767,2.0213,4.0845,8.734,8.1913,3.8355
521,26,6,6,quarter,4.579,1.438,-0.404,4.579,0.3884,0.7254,0.4236,0.2767,2.0213,4.0845,8.734,8.1913,3.8355
522,26,6,6,half,6.917,1.473,-0.127,6.917,0.3884,0.7254,0.4236,0.2767,2.0213,4.0845,8.734,8.1913,3.8355
523,26,6,6,half,4.861,1.026,-0.451,4.861,0.3884,0.7254,0.4236,0.2767,2.0213,4.0845,8.734,8.1913,3.8355
524,26,6,6,quarter,9.025,2.087,0.028,9.025,0.3884,0.7254,0.4236,0.2767,2.0213,4.0845,8.734,8.1913,3.8355
525,26,6,6,quarter,4.775,1.613,-0.521,4.775,0.3884,0.7254,0.4236,0.2767,2.0213,4.0845,8.734,8.1913,3.8355
526,26,6,6,zero,8.896,2.279,0.031,8.896,0.3884,0.7254,0.4236,0.2767,2.0213,4.0845,8.734,8.1913,3.8355
527,26,6,6,three_quarter,8.104,0.892,-1.513,8.104,0.3884,0.7254,0.4236,0.2767,2.0213,4.0845,8.734,8.1913,3.8355
528,26,6,6,full,5.811,1.363,-1.02,5.811,0.3884,0.7254,0.4236,0.2767,2.0213,4.0845,8.734,8.1913,3.8355
529,26,6,6,full,1.429,-0.042,-1.533,1.429,0.3884,0.7254,0.4236,0.2767,2.0213,4.0845,8.734,8.1913,3.8355
530,26,6,6,tenth,6.607,1.757,0.026,6.607,0.3884,0.7254,0.4236,0.2767,2.0213,4.0845,8.734,8.1913,3.8355
531,26,6,6,half,4.64,0.987,-0.828,4.64,0.3884,0.7254,0.4236,0.2767,2.0213,4.0845,8.734,8.1913,3.8355
532,26,6,6,half,5.091,1.053,-0.571,5.091,0.3884,0.7254,0.4236,0.2767,2.0213,4.0845,8.734,8.1913,3.8355
533,26,6,6,three_quarter,8.886,1.07,-1.233,8.886,0.3884,0.7254,0.4236,0.2767,2.0213,4.0845,8.734,8.1913,3.8355
534,26,6,6,half,5.058,1.462,-0.459,5.058,0.3884,0.7254,0.4236,0.2767,2.0213,4.0845,8.734,8.1913,3.8355
535,26,6,6,full,5.504,0.057,-2.446,5.504,0.3884,0.7254,0.4236,0.2767,2.0213,4.0845,8.734,8.1913,3.8355
536,26,6,6,three_quarter,6.184,0.924,-0.784,6.184,0.3884,0.7254,0.4236,0.2767,2.0213,4.0845,8.734,8.1913,3.8355
537,26,6,6,full,4.469,1.337,-0.31,4.469,0.3884,0.7254,0.4236,0.2767,2.0213,4.0845,8.734,8.1913,3.8355
538,26,6,6,quarter,6.214,1.68,-0.024,6.214,0.3884,0.7254,0.4236,0.2767,2.0213,4.0845,8.734,8.1913,3.8355
539,26,6,6,zero,6.497,1.878,-0.081,6.497,0.3884,0.7254,0.4236,0.2767,2.0213,4.0845,8.734,8.1913,3.8355
540,27,6,6,quarter,3.156,0.748,-0.425,3.156,0.0539,0.384,0.8831,0.9039,5.2735,4.3384,8.2426,6.3695,1.0735
541,27,6,6,full,3.254,0.922,-0.852,3.254,0.0539,0.384,0.8831,0.9039,5.2735,4.3384,8.2426,6.3695,1.0735
542,27,6,6,three_quarter,4.494,0.833,-2.865,4.494,0.0539,0.384,0.8831,0.9039,5.2735,4.3384,8.2426,6.3695,1.0735
543,27,6,6,half,3.465,0.816,-0.601,3.465,0.0539,0.384,0.8831,0.9039,5.2735,4.3384,8.2426,6.3695,1.0735
544,27,6,6,full,3.822,0.734,-0.666,3.822,0.0539,0.384,0.8831,0.9039,5.2735,4.3384,8.2426,6.3695,1.0735
545,27,6,6,full,4.193,0.814,-0.807,4.193,0.0539,0.384,0.8831,0.9039,5.2735,4.3384,8.2426,6.3695,1.0735
546,27,6,6,three_quarter,2.159,0.64,-1.059,2.159,0.0539,0.384,0.8831,0.9039,5.2735,4.3384,8.2426,6.3695,1.0735
547,27,6,6,three_quarter,4.357,0.687,-3.945,4.357,0.0539,0.384,0.8831,0.9039,5.2735,4.3384,8.2426,6.3695,1.0735
548,27,6,6,full,2.434,0.652,-0.571,2.434,0.0539,0.384,0.8831,0.9039,5.2735,4.3384,8.2426,6.3695,1.0735
549,27,6,6,half,2.606,0.667,-2.245,2.606,0.0539,0.384,0.8831,0.9039,5.2735,4.3384,8.2426,6.3695,1.0735
550,27,6,6,three_quarter,4.215,0.977,-5.297,4.215,0.0539,0.384,0.8831,0.9039,5.2735,4.3384,8.2426,6.3695,1.0735
551,27,6,6,half,3.877,0.948,-0.499,3.877,0.0539,0.384,0.8831,0.9039,5.2735,4.3384,8.2426,6.3695,1.0735
552,27,6,6,full,2.246,0.354,-3.105,2.246,0.0539,0.384,0.8831,0.9039,5.2735,4.3384,8.2426,6.3695,1.0735
553,27,6,6,three_quarter,3.782,1.065,-1.346,3.782,0.0539,0.384,0.8831,0.9039,5.2735,4.3384,8.2426,6.3695,1.0735
554,27,6,6,three_quarter,2.243,0.612,-0.811,2.243,0.0539,0.384,0.8831,0.9039,5.2735,4.3384,8.2426,6.3695,1.0735
555,27,6,6,quarter,1.381,0.465,-0.572,1.381,0.0539,0.384,0.8831,0.9039,5.2735,4.3384,8.2426,6.3695,1.0735
556,27,6,6,full,1.787,0.72,-0.531,1.787,0.0539,0.384,0.8831,0.9039,5.2735,4.3384,8.2426,6.3695,1.0735
557,27,6,6,half,2.368,0.5,-1.167,2.368,0.0539,0.384,0.8831,0.9039,5.2735,4.3384,8.2426,6.3695,1.0735
558,27,6,6,full,3.064,0.814,-1.221,3.064,0.0539,0.384,0.8831,0.9039,5.2735,4.3384,8.2426,6.3695,1.0735
559,27,6,6,full,4.195,0.851,-2.367,4.195,0.0539,0.384,0.8831,0.9039,5.2735,4.3384,8.2426,6.3695,1.0735
560,28,6,6,three_quarter,3.167,0.594,-1.467,3.167,0.3684,0.99,0.8989,0.2101,3.4972,1.4112,10.021,18.1462,2.3287
561,28,6,6,quarter,5.723,1.434,-0.197,5.723,0.3684,0.99,0.8989,0.2101,3.4972,1.4112,10.021,18.1462,2.3287
562,28,6,6,half,9.391,1.445,-1.65,9.391,0.3684,0.99,0.8989,0.2101,3.4972,1.4112,10.021,18.1462,2.3287
563,28,6,6,quarter,4.952,1.51,-0.373,4.952,0.3684,0.99,0.8989,0.2101,3.4972,1.4112,10.021,18.1462,2.3287
564,28,6,6,three_quarter,13.38,1.783,-1.579,13.38,0.3684,0.99,0.8989,0.2101,3.4972,1.4112,10.021,18.1462,2.3287
565,28,6,6,full,12.036,1.296,-2.762,12.036,0.3684,0.99,0.8989,0.2101,3.4972,1.4112,10.021,18.1462,2.3287
566,28,6,6,tenth,3.797,1.11,-0.465,3.797,0.3684,0.99,0.8989,0.2101,3.4972,1.4112,10.021,18.1462,2.3287
567,28,6,6,full,16.813,1.125,-8.568,16.813,0.3684,0.99,0.8989,0.2101,3.4972,1.4112,10.021,18.1462,2.3287
568,28,6,6,quarter,6.1,1.446,-0.264,6.1,0.3684,0.99,0.8989,0.2101,3.4972,1.4112,10.021,18.1462,2.3287
569,28,6,6,quarter,6.029,1.523,-0.255,6.029,0.3684,0.99,0.8989,0.2101,3.4972,1.4112,10.021,18.1462,2.3287
570,28,6,6,full,16.475,0.914,-7.141,16.475,0.3684,0.99,0.8989,0.2101,3.4972,1.4112,10.021,18.1462,2.3287
571,28,6,6,full,12.041,0.444,-4.945,12.041,0.3684,0.99,0.8989,0.2101,3.4972,1.4112,10.021,18.1462,2.3287
572,28,6,6,full,12.236,1.367,-3.888,12.236,0.3684,0.99,0.8989,0.2101,3.4972,1.4112,10.021,18.1462,2.3287
573,28,6,6,full,12.037,0.85,-5.052,12.037,0.3684,0.99,0.8989,0.2101,3.4972,1.4112,10.021,18.1462,2.3287
574,28,6,6,quarter,5.502,1.304,-0.333,5.502,0.3684,0.99,0.8989,0.2101,3.4972,1.4112,10.021,18.1462,2.3287
575,28,6,6,full,3.028,1.069,-0.366,3.028,0.3684,0.99,0.8989,0.2101,3.4972,1.4112,10.021,18.1462,2.3287
576,28,6,6,full,4.826,0.833,-0.728,4.826,0.3684,0.99,0.8989,0.2101,3.4972,1.4112,10.021,18.1462,2.3287
577,28,6,6,three_quarter,3.108,0.748,-1.226,3.108,0.3684,0.99,0.8989,0.2101,3.4972,1.4112,10.021,18.1462,2.3287
578,28,6,6,half,7.939,1.427,-1.345,7.939,0.3684,0.99,0.8989,0.2101,3.4972,1.4112,10.021,18.1462,2.3287
579,28,6,6,half,8.459,1.564,-0.745,8.459,0.3684,0.99,0.8989,0.2101,3.4972,1.4112,10.021,18.1462,2.3287
580,29,6,6,half,15.715,3.233,-0.378,15.715,0.422,0.99,0.9762,0.8108,7.2885,1.0991,9.6291,9.315,4.6887
581,29,6,6,half,7.029,2.36,-0.348,7.029,0.422,0.99,0.9762,0.8108,7.2885,1.0991,9.6291,9.315,4.6887
582,29,6,6,full,22.751,2.934,-6.082,22.751,0.422,0.99,0.9762,0.8108,7.2885,1.0991,9.6291,9.315,4.6887
583,29,6,6,full,3.843,1.374,0.022,3.843,0.422,0.99,0.9762,0.8108,7.2885,1.0991,9.6291,9.315,4.6887
584,29,6,6,full,19.065,2.918,-2.024,19.065,0.422,0.99,0.9762,0.8108,7.2885,1.0991,9.6291,9.315,4.6887
585,29,6,6,quarter,9.516,2.842,-0.098,9.516,0.422,0.99,0.9762,0.8108,7.2885,1.0991,9.6291,9.315,4.6887
586,29,6,6,three_quarter,4.563,1.602,0.074,4.563,0.422,0.99,0.9762,0.8108,7.2885,1.0991,9.6291,9.315,4.6887
587,29,6,6,three_quarter,13.202,3.761,-0.541,13.202,0.422,0.99,0.9762,0.8108,7.2885,1.0991,9.6291,9.315,4.6887
588,29,6,6,full,19.891,3.447,-1.282,19.891,0.422,0.99,0.9762,0.8108,7.2885,1.0991,9.6291,9.315,4.6887
589,29,6,6,full,22.891,3.887,-1.216,22.891,0.422,0.99,0.9762,0.8108,7.2885,1.0991,9.6291,9.315,4.6887
590,29,6,6,tenth,6.108,2.029,-0.275,6.108,0.422,0.99,0.9762,0.8108,7.2885,1.0991,9.6291,9.315,4.6887
591,29,6,6,three_quarter,11.42,3.606,-0.966,11.42,0.422,0.99,0.9762,0.8108,7.2885,1.0991,9.6291,9.315,4.6887
592,29,6,6,tenth,5.033,1.892,0.049,5.033,0.422,0.99,0.9762,0.8108,7.2885,1.0991,9.6291,9.315,4.6887
593,29,6,6,full,20.54,3.209,-3.546,20.54,0.422,0.99,0.9762,0.8108,7.2885,1.0991,9.6291,9.315,4.6887
594,29,6,6,full,15.796,2.388,-7.096,15.796,0.422,0.99,0.9762,0.8108,7.2885,1.0991,9.6291,9.315,4.6887
595,29,6,6,full,17.05,2.626,-1.778,17.05,0.422,0.99,0.9762,0.8108,7.2885,1.0991,9.6291,9.315,4.6887
596,29,6,6,full,21.914,3.211,-1.519,21.914,0.422,0.99,0.9762,0.8108,7.2885,1.0991,9.6291,9.315,4.6887
597,29,6,6,zero,2.979,1.329,0.294,2.979,0.422,0.99,0.9762,0.8108,7.2885,1.0991,9.6291,9.315,4.6887
598,29,6,6,half,16.489,3.547,-0.145,16.489,0.422,0.99,0.9762,0.8108,7.2885,1.0991,9.6291,9.315,4.6887
599,29,6,6,zero,3.792,1.173,0.397,3.792,0.422,0.99,0.9762,0.8108,7.2885,1.0991,9.6291,9.315,4.6887
400,20,6,6,full,9.242,0.963,-2.381,9.242,0.4375,0.9692,0.5422,0.748,2.343,3.3367,7.5257,17.6435,1.2084
401,20,6,6,three_quarter,9.969,1.329,-1.986,9.969,0.4375,0.9692,0.5422,0.748,2.343,3.3367,7.5257,17.6435,1.2084
402,20,6,6,three_quarter,9.878,1.665,-0.37,9.878,0.4375,0.9692,0.5422,0.748,2.343,3.3367,7.5257,17.6435,1.2084
403,20,6,6,quarter,10.097,1.936,-0.209,10.097,0.4375,0.9692,0.5422,0.748,2.343,3.3367,7.5257,17.6435,1.2084
404,20,6,6,three_quarter,8.641,1.221,-1.493,8.641,0.4375,0.9692,0.5422,0.748,2.343,3.3367,7.5257,17.6435,1.2084
405,20,6,6,three_quarter,9.578,1.573,-0.566,9.578,0.4375,0.9692,0.5422,0.748,2.343,3.3367,7.5257,17.6435,1.2084
406,20,6,6,zero,10.797,2.173,-0.057,10.797,0.4375,0.9692,0.5422,0.748,2.343,3.3367,7.5257,17.6435,1.2084
407,20,6,6,full,8.313,0.764,-3.297,8.313,0.4375,0.9692,0.5422,0.748,2.343,3.3367,7.5257,17.6435,1.2084
408,20,6,6,half,9.892,1.7,-0.026,9.892,0.4375,0.9692,0.5422,0.748,2.343,3.3367,7.5257,17.6435,1.2084
409,20,6,6,half,7.951,1.488,-0.316,7.951,0.4375,0.9692,0.5422,0.748,2.343,3.3367,7.5257,17.6435,1.2084
410,20,6,6,tenth,10.084,1.985,-0.18,10.084,0.4375,0.9692,0.5422,0.748,2.343,3.3367,7.5257,17.6435,1.2084
411,20,6,6,full,11.427,1.271,-1.653,11.427,0.4375,0.9692,0.5422,0.748,2.343,3.3367,7.5257,17.6435,1.2084
412,20,6,6,half,8.929,1.599,-0.029,8.929,0.4375,0.9692,0.5422,0.748,2.343,3.3367,7.5257,17.6435,1.2084
413,20,6,6,tenth,10.53,2.102,-0.069,10.53,0.4375,0.9692,0.5422,0.748,2.343,3.3367,7.5257,17.6435,1.2084
414,20,6,6,tenth,10.797,2.117,-0.1,10.797,0.4375,0.9692,0.5422,0.748,2.343,3.3367,7.5257,17.6435,1.2084
415,20,6,6,full,8.312,0.813,-2.169,8.312,0.4375,0.9692,0.5422,0.748,2.343,3.3367,7.5257,17.6435,1.2084
416,20,6,6,zero,11.089,2.17,0.018,11.089,0.4375,0.9692,0.5422,0.748,2.343,3.3367,7.5257,17.6435,1.2084
417,20,6,6,half,9.53,1.684,-0.325,9.53,0.4375,0.9692,0.5422,0.748,2.343,3.3367,7.5257,17.6435,1.2084
418,20,6,6,zero,10.931,2.198,-0.091,10.931,0.4375,0.9692,0.5422,0.748,2.343,3.3367,7.5257,17.6435,1.2084
419,20,6,6,tenth,10.018,1.995,-0.039,10.018,0.4375,0.9692,0.5422,0.748,2.343,3.3367,7.5257,17.6435,1.2084
420,21,6,6,half,0.309,-1.008,-3.499,0.309,0.1243,0.6623,0.6752,0.2352,2.7193,4.5611,5.2159,13.5123,3.2872
421,21,6,6,three_quarter,1.836,0.076,-1.411,1.836,0.1243,0.6623,0.6752,0.2352,2.7193,4.5611,5.2159,13.5123,3.2872
422,21,6,6,three_quarter,2.618,0.683,-1.418,2.618,0.1243,0.6623,0.6752,0.2352,2.7193,4.5611,5.2159,13.5123,3.2872
423,21,6,6,full,2.313,-0.035,-2.314,2.313,0.1243,0.6623,0.6752,0.2352,2.7193,4.5611,5.2159,13.5123,3.2872
424,21,6,6,full,0.62,-0.74,-4.567,0.62,0.1243,0.6623,0.6752,0.2352,2.7193,4.5611,5.2159,13.5123,3.2872
425,21,6,6,half,0.783,-0.749,-4.022,0.783,0.1243,0.6623,0.6752,0.2352,2.7193,4.5611,5.2159,13.5123,3.2872
426,21,6,6,full,2.267,0.214,-3.404,2.267,0.1243,0.6623,0.6752,0.2352,2.7193,4.5611,5.2159,13.5123,3.2872
427,21,6,6,three_quarter,3.407,0.344,-1.961,3.407,0.1243,0.6623,0.6752,0.2352,2.7193,4.5611,5.2159,13.5123,3.2872
428,21,6,6,full,2.544,0.938,-0.575,2.544,0.1243,0.6623,0.6752,0.2352,2.7193,4.5611,5.2159,13.5123,3.2872
429,21,6,6,full,8.088,-0.32,-6.261,8.088,0.1243,0.6623,0.6752,0.2352,2.7193,4.5611,5.2159,13.5123,3.2872
430,21,6,6,full,4.866,-0.401,-7.329,4.866,0.1243,0.6623,0.6752,0.2352,2.7193,4.5611,5.2159,13.5123,3.2872
431,21,6,6,three_quarter,2.532,-0.328,-3.746,2.532,0.1243,0.6623,0.6752,0.2352,2.7193,4.5611,5.2159,13.5123,3.2872
432,21,6,6,three_quarter,1.699,-0.32,-3.075,1.699,0.1243,0.6623,0.6752,0.2352,2.7193,4.5611,5.2159,13.5123,3.2872
433,21,6,6,half,2.884,0.514,-0.778,2.884,0.1243,0.6623,0.6752,0.2352,2.7193,4.5611,5.2159,13.5123,3.2872
434,21,6,6,tenth,3.09,1.167,-0.356,3.09,0.1243,0.6623,0.6752,0.2352,2.7193,4.5611,5.2159,13.5123,3.2872
435,21,6,6,full,2.285,-0.66,-4.247,2.285,0.1243,0.6623,0.6752,0.2352,2.7193,4.5611,5.2159,13.5123,3.2872
436,21,6,6,three_quarter,2.73,0.394,-2.774,2.73,0.1243,0.6623,0.6752,0.2352,2.7193,4.5611,5.2159,13.5123,3.2872
437,21,6,6,three_quarter,0.729,-0.894,-4.089,0.729,0.1243,0.6623,0.6752,0.2352,2.7193,4.5611,5.2159,13.5123,3.2872
438,21,6,6,half,2.516,0.363,-2.513,2.516,0.1243,0.6623,0.6752,0.2352,2.7193,4.5611,5.2159,13.5123,3.2872
439,21,6,6,three_quarter,0.452,-0.911,-4.49,0.452,0.1243,0.6623,0.6752,0.2352,2.7193,4.5611,5.2159,13.5123,3.2872
440,22,6,6,zero,5.145,1.602,-0.088,5.145,0.2591,0.933,0.2043,0.7162,3.4321,2.5831,9.0452,8.8,1.9228
441,22,6,6,full,3.714,1.002,-0.04,3.714,0.2591,0.933,0.2043,0.7162,3.4321,2.5831,9.0452,8.8,1.9228
442,22,6,6,zero,3.931,1.252,-0.049,3.931,0.2591,0.933,0.2043,0.7162,3.4321,2.5831,9.0452,8.8,1.9228
443,22,6,6,quarter,6.737,1.677,-0.12,6.737,0.2591,0.933,0.2043,0.7162,3.4321,2.5831,9.0452,8.8,1.9228
444,22,6,6,zero,4.652,1.496,-0.07,4.652,0.2591,0.933,0.2043,0.7162,3.4321,2.5831,9.0452,8.8,1.9228
445,22,6,6,zero,3.906,1.445,-0.105,3.906,0.2591,0.933,0.2043,0.7162,3.4321,2.5831,9.0452,8.8,1.9228
446,22,6,6,tenth,3.054,1.101,-0.491,3.054,0.2591,0.933,0.2043,0.7162,3.4321,2.5831,9.0452,8.8,1.9228
447,22,6,6,half,9.796,2.062,-0.156,9.796,0.2591,0.933,0.2043,0.7162,3.4321,2.5831,9.0452,8.8,1.9228
448,22,6,6,three_quarter,9.496,1.662,-0.482,9.496,0.2591,0.933,0.2043,0.7162,3.4321,2.5831,9.0452,8.8,1.9228
449,22,6,6,tenth,7.202,1.772,0.002,7.202,0.2591,0.933,0.2043,0.7162,3.4321,2.5831,9.0452,8.8,1.9228
450,22,6,6,quarter,6.264,1.575,-0.294,6.264,0.2591,0.933,0.2043,0.7162,3.4321,2.5831,9.0452,8.8,1.9228
451,22,6,6,full,7.499,1.12,-0.897,7.499,0.2591,0.933,0.2043,0.7162,3.4321,2.5831,9.0452,8.8,1.9228
452,22,6,6,tenth,7.713,2.051,0.005,7.713,0.2591,0.933,0.2043,0.7162,3.4321,2.5831,9.0452,8.8,1.9228
453,22,6,6,quarter,6.449,1.466,-0.121,6.449,0.2591,0.933,0.2043,0.7162,3.4321,2.5831,9.0452,8.8,1.9228
454,22,6,6,three_quarter,10.22,1.573,-1.594,10.22,0.2591,0.933,0.2043,0.7162,3.4321,2.5831,9.0452,8.8,1.9228
455,22,6,6,zero,6.093,1.571,0.073,6.093,0.2591,0.933,0.2043,0.7162,3.4321,2.5831,9.0452,8.8,1.9228
456,22,6,6,tenth,6.615,1.556,-0.014,6.615,0.2591,0.933,0.2043,0.7162,3.4321,2.5831,9.0452,8.8,1.9228
457,22,6,6,zero,7.771,1.982,0.005,7.771,0.2591,0.933,0.2043,0.7162,3.4321,2.5831,9.0452,8.8,1.9228
458,22,6,6,three_quarter,7.367,0.931,-2.902,7.367,0.2591,0.933,0.2043,0.7162,3.4321,2.5831,9.0452,8.8,1.9228
459,22,6,6,three_quarter,8.995,1.613,-0.402,8.995,0.2591,0.933,0.2043,0.7162,3.4321,2.5831,9.0452,8.8,1.9228
460,23,6,6,full,2.477,0.602,-2.092,2.477,0.2333,0.9327,0.9961,0.0733,3.2789,2.0608,11.3993,18.0938,4.4567
461,23,6,6,full,3.709,0.515,-1.865,3.709,0.2333,0.9327,0.9961,0.0733,3.2789,2.0608,11.3993,18.0938,4.4567
462,23,6,6,three_quarter,7.634,1.155,-1.664,7.634,0.2333,0.9327,0.9961,0.0733,3.2789,2.0608,11.3993,18.0938,4.4567
463,23,6,6,full,6.071,0.943,-1.409,6.071,0.2333,0.9327,0.9961,0.0733,3.2789,2.0608,11.3993,18.0938,4.4567
464,23,6,6,zero,2.177,0.982,-0.019,2.177,0.2333,0.9327,0.9961,0.0733,3.2789,2.0608,11.3993,18.0938,4.4567
465,23,6,6,half,5.906,0.904,-2.559,5.906,0.2333,0.9327,0.9961,0.0733,3.2789,2.0608,11.3993,18.0938,4.4567
466,23,6,6,full,3.007,-0.096,-2.315,3.007,0.2333,0.9327,0.9961,0.0733,3.2789,2.0608,11.3993,18.0938,4.4567
467,23,6,6,three_quarter,3.614,0.183,-2.228,3.614,0.2333,0.9327,0.9961,0.0733,3.2789,2.0608,11.3993,18.0938,4.4567
468,23,6,6,three_quarter,6.082,0.922,-2.126,6.082,0.2333,0.9327,0.9961,0.0733,3.2789,2.0608,11.3993,18.0938,4.4567
469,23,6,6,three_quarter,7.736,0.86,-3.934,7.736,0.2333,0.9327,0.9961,0.0733,3.2789,2.0608,11.3993,18.0938,4.4567
470,23,6,6,quarter,4.993,1.302,-0.241,4.993,0.2333,0.9327,0.9961,0.0733,3.2789,2.0608,11.3993,18.0938,4.4567
471,23,6,6,full,2.637,0.932,-0.562,2.637,0.2333,0.9327,0.9961,0.0733,3.2789,2.0608,11.3993,18.0938,4.4567
472,23,6,6,three_quarter,7.341,1.179,-1.102,7.341,0.2333,0.9327,0.9961,0.0733,3.2789,2.0608,11.3993,18.0938,4.4567
473,23,6,6,full,3.679,1.258,-0.357,3.679,0.2333,0.9327,0.9961,0.0733,3.2789,2.0608,11.3993,18.0938,4.4567
474,23,6,6,three_quarter,12.004,1.942,-0.793,12.004,0.2333,0.9327,0.9961,0.0733,3.2789,2.0608,11.3993,18.0938,4.4567
475,23,6,6,full,4.319,0.896,-1.578,4.319,0.2333,0.9327,0.9961,0.0733,3.2789,2.0608,11.3993,18.0938,4.4567
476,23,6,6,three_quarter,4.81,0.69,-1.478,4.81,0.2333,0.9327,0.9961,0.0733,3.2789,2.0608,11.3993,18.0938,4.4567
477,23,6,6,full,5.696,1.468,-0.797,5.696,0.2333,0.9327,0.9961,0.0733,3.2789,2.0608,11.3993,18.0938,4.4567
478,23,6,6,full,5.498,0.984,-1.761,5.498,0.2333,0.9327,0.9961,0.0733,3.2789,2.0608,11.3993,18.0938,4.4567
479,23,6,6,quarter,3.954,1.08,-0.541,3.954,0.2333,0.9327,0.9961,0.0733,3.2789,2.0608,11.3993,18.0938,4.4567
480,24,6,6,quarter,10.085,2.1,-0.047,10.085,0.3835,0.9649,0.6117,0.9872,5.9239,1.0313,10.3539,8.7901,3.4852
481,24,6,6,half,16.884,2.925,-0.16,16.884,0.3835,0.9649,0.6117,0.9872,5.9239,1.0313,10.3539,8.7901,3.4852
482,24,6,6,tenth,5.829,1.414,-0.039,5.829,0.3835,0.9649,0.6117,0.9872,5.9239,1.0313,10.3539,8.7901,3.4852
483,24,6,6,tenth,5.289,1.493,-0.053,5.289,0.3835,0.9649,0.6117,0.9872,5.9239,1.0313,10.3539,8.7901,3.4852
484,24,6,6,quarter,9.329,1.934,-0.121,9.329,0.3835,0.9649,0.6117,0.9872,5.9239,1.0313,10.3539,8.7901,3.4852
485,24,6,6,quarter,9.516,2.015,-0.183,9.516,0.3835,0.9649,0.6117,0.9872,5.9239,1.0313,10.3539,8.7901,3.4852
486,24,6,6,zero,3.384,0.911,0.044,3.384,0.3835,0.9649,0.6117,0.9872,5.9239,1.0313,10.3539,8.7901,3.4852
487,24,6,6,quarter,9.74,1.95,-0.077,9.74,0.3835,0.9649,0.6117,0.9872,5.9239,1.0313,10.3539,8.7901,3.4852
488,24,6,6,full,15.962,2.539,-0.895,15.962,0.3835,0.9649,0.6117,0.9872,5.9239,1.0313,10.3539,8.7901,3.4852
489,24,6,6,tenth,5.83,1.266,0.007,5.83,0.3835,0.9649,0.6117,0.9872,5.9239,1.0313,10.3539,8.7901,3.4852
490,24,6,6,three_quarter,21.648,3.593,-0.509,21.648,0.3835,0.9649,0.6117,0.9872,5.9239,1.0313,10.3539,8.7901,3.4852
491,24,6,6,zero,3.237,0.956,0.014,3.237,0.3835,0.9649,0.6117,0.9872,5.9239,1.0313,10.3539,8.7901,3.4852
492,24,6,6,full,28.641,4.45,-2.468,28.641,0.3835,0.9649,0.6117,0.9872,5.9239,1.0313,10.3539,8.7901,3.4852
493,24,6,6,tenth,5.017,1.303,-0.109,5.017,0.3835,0.9649,0.6117,0.9872,5.9239,1.0313,10.3539,8.7901,3.4852
494,24,6,6,three_quarter,20.075,3.445,-0.415,20.075,0.3835,0.9649,0.6117,0.9872,5.9239,1.0313,10.3539,8.7901,3.4852
495,24,6,6,three_quarter,20.913,3.474,-0.766,20.913,0.3835,0.9649,0.6117,0.9872,5.9239,1.0313,10.3539,8.7901,3.4852
496,24,6,6,full,22.328,3.567,-1.404,22.328,0.3835,0.9649,0.6117,0.9872,5.9239,1.0313,10.3539,8.7901,3.4852
497,24,6,6,full,18.334,2.772,-1.103,18.334,0.3835,0.9649,0.6117,0.9872,5.9239,1.0313,10.3539,8.7901,3.4852
498,24,6,6,full,21.143,3.307,-1.154,21.143,0.3835,0.9649,0.6117,0.9872,5.9239,1.0313,10.3539,8.7901,3.4852
499,24,6,6,half,17.377,3.239,-0.04,17.377,0.3835,0.9649,0.6117,0.9872,5.9239,1.0313,10.3539,8.7901,3.4852
900,45,6,6,full,6.975,0.289,-3.328,6.975,0.3217,0.7834,0.165,0.4674,2.7658,3.489,3.2427,10.3043,3.0398
901,45,6,6,full,3.902,0.367,-2.168,3.902,0.3217,0.7834,0.165,0.4674,2.7658,3.489,3.2427,10.3043,3.0398
902,45,6,6,half,4.94,1.895,-0.109,4.94,0.3217,0.7834,0.165,0.4674,2.7658,3.489,3.2427,10.3043,3.0398
903,45,6,6,three_quarter,3.689,0.99,-0.892,3.689,0.3217,0.7834,0.165,0.4674,2.7658,3.489,3.2427,10.3043,3.0398
904,45,6,6,three_quarter,4.042,1.218,-0.412,4.042,0.3217,0.7834,0.165,0.4674,2.7658,3.489,3.2427,10.3043,3.0398
905,45,6,6,half,4.524,1.969,0.155,4.524,0.3217,0.7834,0.165,0.4674,2.7658,3.489,3.2427,10.3043,3.0398
906,45,6,6,half,2.796,0.571,-1.474,2.796,0.3217,0.7834,0.165,0.4674,2.7658,3.489,3.2427,10.3043,3.0398
907,45,6,6,full,3.337,0.303,-2.834,3.337,0.3217,0.7834,0.165,0.4674,2.7658,3.489,3.2427,10.3043,3.0398
908,45,6,6,full,5.289,0.249,-5.328,5.289,0.3217,0.7834,0.165,0.4674,2.7658,3.489,3.2427,10.3043,3.0398
909,45,6,6,three_quarter,4.644,0.553,-1.615,4.644,0.3217,0.7834,0.165,0.4674,2.7658,3.489,3.2427,10.3043,3.0398
910,45,6,6,half,3.124,0.481,-2.534,3.124,0.3217,0.7834,0.165,0.4674,2.7658,3.489,3.2427,10.3043,3.0398
911,45,6,6,three_quarter,3.253,0.237,-3.087,3.253,0.3217,0.7834,0.165,0.4674,2.7658,3.489,3.2427,10.3043,3.0398
912,45,6,6,full,2.832,0.115,-1.517,2.832,0.3217,0.7834,0.165,0.4674,2.7658,3.489,3.2427,10.3043,3.0398
913,45,6,6,full,4.127,1.186,-0.201,4.127,0.3217,0.7834,0.165,0.4674,2.7658,3.489,3.2427,10.3043,3.0398
914,45,6,6,full,3.496,0.872,-1.981,3.496,0.3217,0.7834,0.165,0.4674,2.7658,3.489,3.2427,10.3043,3.0398
915,45,6,6,full,6.261,0.757,-1.547,6.261,0.3217,0.7834,0.165,0.4674,2.7658,3.489,3.2427,10.3043,3.0398
916,45,6,6,three_quarter,5.368,0.104,-3.197,5.368,0.3217,0.7834,0.165,0.4674,2.7658,3.489,3.2427,10.3043,3.0398
917,45,6,6,three_quarter,3.996,0.515,-2.079,3.996,0.3217,0.7834,0.165,0.4674,2.7658,3.489,3.2427,10.3043,3.0398
918,45,6,6,full,5.268,0.651,-3.197,5.268,0.3217,0.7834,0.165,0.4674,2.7658,3.489,3.2427,10.3043,3.0398
919,45,6,6,zero,3.148,1.65,0.619,3.148,0.3217,0.7834,0.165,0.4674,2.7658,3.489,3.2427,10.3043,3.0398
920,46,6,6,quarter,0.067,-0.116,-0.37,0.067,0.1043,0.589,0.0503,0.3791,3.27,2.3074,9.8511,10.066,3.884
921,46,6,6,half,0.213,-0.289,-0.804,0.213,0.1043,0.589,0.0503,0.3791,3.27,2.3074,9.8511,10.066,3.884
922,46,6,6,zero,2.848,0.963,-0.056,2.848,0.1043,0.589,0.0503,0.3791,3.27,2.3074,9.8511,10.066,3.884
923,46,6,6,three_quarter,3.176,0.612,-0.506,3.176,0.1043,0.589,0.0503,0.3791,3.27,2.3074,9.8511,10.066,3.884
924,46,6,6,full,2.434,0.871,-0.317,2.434,0.1043,0.589,0.0503,0.3791,3.27,2.3074,9.8511,10.066,3.884
925,46,6,6,half,0.315,-0.518,-2.643,0.315,0.1043,0.589,0.0503,0.3791,3.27,2.3074,9.8511,10.066,3.884
926,46,6,6,half,1.695,0.557,-0.36,1.695,0.1043,0.589,0.0503,0.3791,3.27,2.3074,9.8511,10.066,3.884
927,46,6,6,quarter,3.164,0.672,-0.384,3.164,0.1043,0.589,0.0503,0.3791,3.27,2.3074,9.8511,10.066,3.884
928,46,6,6,zero,2.645,0.826,-0.085,2.645,0.1043,0.589,0.0503,0.3791,3.27,2.3074,9.8511,10.066,3.884
929,46,6,6,full,1.235,0.382,-0.742,1.235,0.1043,0.589,0.0503,0.3791,3.27,2.3074,9.8511,10.066,3.884
930,46,6,6,full,0.046,-0.742,-4.257,0.046,0.1043,0.589,0.0503,0.3791,3.27,2.3074,9.8511,10.066,3.884
931,46,6,6,three_quarter,0.27,-1.115,-6.321,0.27,0.1043,0.589,0.0503,0.3791,3.27,2.3074,9.8511,10.066,3.884
932,46,6,6,full,0.078,-0.292,-1.023,0.078,0.1043,0.589,0.0503,0.3791,3.27,2.3074,9.8511,10.066,3.884
933,46,6,6,three_quarter,1.913,0.137,-1.548,1.913,0.1043,0.589,0.0503,0.3791,3.27,2.3074,9.8511,10.066,3.884
934,46,6,6,half,1.948,0.885,-0.116,1.948,0.1043,0.589,0.0503,0.3791,3.27,2.3074,9.8511,10.066,3.884
935,46,6,6,half,0.221,-1.282,-7.41,0.221,0.1043,0.589,0.0503,0.3791,3.27,2.3074,9.8511,10.066,3.884
936,46,6,6,tenth,2.106,0.662,-0.447,2.106,0.1043,0.589,0.0503,0.3791,3.27,2.3074,9.8511,10.066,3.884
937,46,6,6,half,0.174,-0.68,-3.283,0.174,0.1043,0.589,0.0503,0.3791,3.27,2.3074,9.8511,10.066,3.884
938,46,6,6,full,0.38,-0.651,-2.908,0.38,0.1043,0.589,0.0503,0.3791,3.27,2.3074,9.8511,10.066,3.884
939,46,6,6,tenth,3.418,0.838,-0.081,3.418,0.1043,0.589,0.0503,0.3791,3.27,2.3074,9.8511,10.066,3.884
940,47,6,6,full,1.376,0.513,-0.106,1.376,0.0828,0.3905,0.5394,0.9999,4.0998,3.6006,10.0311,14.4281,3.894
941,47,6,6,quarter,4.628,0.937,-0.387,4.628,0.0828,0.3905,0.5394,0.9999,4.0998,3.6006,10.0311,14.4281,3.894
942,47,6,6,quarter,2.038,0.326,-0.374,2.038,0.0828,0.3905,0.5394,0.9999,4.0998,3.6006,10.0311,14.4281,3.894
943,47,6,6,tenth,2.348,0.817,-0.105,2.348,0.0828,0.3905,0.5394,0.9999,4.0998,3.6006,10.0311,14.4281,3.894
944,47,6,6,half,1.072,0.524,-0.023,1.072,0.0828,0.3905,0.5394,0.9999,4.0998,3.6006,10.0311,14.4281,3.894
945,47,6,6,half,0.163,-1.072,-5.644,0.163,0.0828,0.3905,0.5394,0.9999,4.0998,3.6006,10.0311,14.4281,3.894
946,47,6,6,quarter,5.299,0.944,-0.173,5.299,0.0828,0.3905,0.5394,0.9999,4.0998,3.6006,10.0311,14.4281,3.894
947,47,6,6,full,2.856,0.607,-0.487,2.856,0.0828,0.3905,0.5394,0.9999,4.0998,3.6006,10.0311,14.4281,3.894
948,47,6,6,tenth,2.79,0.76,-0.641,2.79,0.0828,0.3905,0.5394,0.9999,4.0998,3.6006,10.0311,14.4281,3.894
949,47,6,6,half,2.974,0.415,-0.775,2.974,0.0828,0.3905,0.5394,0.9999,4.0998,3.6006,10.0311,14.4281,3.894
950,47,6,6,quarter,3.618,0.593,-0.717,3.618,0.0828,0.3905,0.5394,0.9999,4.0998,3.6006,10.0311,14.4281,3.894
951,47,6,6,half,0.505,-0.053,-0.671,0.505,0.0828,0.3905,0.5394,0.9999,4.0998,3.6006,10.0311,14.4281,3.894
952,47,6,6,three_quarter,1.934,0.488,-0.349,1.934,0.0828,0.3905,0.5394,0.9999,4.0998,3.6006,10.0311,14.4281,3.894
953,47,6,6,three_quarter,0.445,-1.298,-6.748,0.445,0.0828,0.3905,0.5394,0.9999,4.0998,3.6006,10.0311,14.4281,3.894
954,47,6,6,half,0.125,-2.17,-12.317,0.125,0.0828,0.3905,0.5394,0.9999,4.0998,3.6006,10.0311,14.4281,3.894
955,47,6,6,three_quarter,1.056,0.481,-0.141,1.056,0.0828,0.3905,0.5394,0.9999,4.0998,3.6006,10.0311,14.4281,3.894
956,47,6,6,quarter,0.089,-1.765,-10.449,0.089,0.0828,0.3905,0.5394,0.9999,4.0998,3.6006,10.0311,14.4281,3.894
957,47,6,6,half,0.32,-0.943,-4.689,0.32,0.0828,0.3905,0.5394,0.9999,4.0998,3.6006,10.0311,14.4281,3.894
958,47,6,6,three_quarter,0.141,-0.173,-0.754,0.141,0.0828,0.3905,0.5394,0.9999,4.0998,3.6006,10.0311,14.4281,3.894
959,47,6,6,half,0.297,0.001,-0.509,0.297,0.0828,0.3905,0.5394,0.9999,4.0998,3.6006,10.0311,14.4281,3.894
960,48,6,6,quarter,3.929,0.808,-2.085,3.929,0.0582,0.4191,0.1262,0.6695,5.3838,1.8719,9.2952,16.2704,1.2551
961,48,6,6,three_quarter,1.558,0.244,-0.559,1.558,0.0582,0.4191,0.1262,0.6695,5.3838,1.8719,9.2952,16.2704,1.2551
962,48,6,6,full,1.208,-0.03,-3.211,1.208,0.0582,0.4191,0.1262,0.6695,5.3838,1.8719,9.2952,16.2704,1.2551
963,48,6,6,half,6.109,0.631,-3.464,6.109,0.0582,0.4191,0.1262,0.6695,5.3838,1.8719,9.2952,16.2704,1.2551
964,48,6,6,quarter,2.021,0.37,-1.097,2.021,0.0582,0.4191,0.1262,0.6695,5.3838,1.8719,9.2952,16.2704,1.2551
965,48,6,6,full,3.859,0.395,-2.975,3.859,0.0582,0.4191,0.1262,0.6695,5.3838,1.8719,9.2952,16.2704,1.2551
966,48,6,6,half,4.086,0.473,-2.618,4.086,0.0582,0.4191,0.1262,0.6695,5.3838,1.8719,9.2952,16.2704,1.2551
967,48,6,6,full,5.445,0.09,-6.767,5.445,0.0582,0.4191,0.1262,0.6695,5.3838,1.8719,9.2952,16.2704,1.2551
968,48,6,6,full,1.978,0.149,-3.365,1.978,0.0582,0.4191,0.1262,0.6695,5.3838,1.8719,9.2952,16.2704,1.2551
969,48,6,6,half,3.351,0.621,-3.133,3.351,0.0582,0.4191,0.1262,0.6695,5.3838,1.8719,9.2952,16.2704,1.2551
970,48,6,6,three_quarter,1.912,0.315,-0.9,1.912,0.0582,0.4191,0.1262,0.6695,5.3838,1.8719,9.2952,16.2704,1.2551
971,48,6,6,full,2.8,0.024,-4.803,2.8,0.0582,0.4191,0.1262,0.6695,5.3838,1.8719,9.2952,16.2704,1.2551
972,48,6,6,three_quarter,2.449,0.522,-1.531,2.449,0.0582,0.4191,0.1262,0.6695,5.3838,1.8719,9.2952,16.2704,1.2551
973,48,6,6,half,4.523,-0.051,-9.38,4.523,0.0582,0.4191,0.1262,0.6695,5.3838,1.8719,9.2952,16.2704,1.2551
974,48,6,6,three_quarter,2.226,0.373,-1.119,2.226,0.0582,0.4191,0.1262,0.6695,5.3838,1.8719,9.2952,16.2704,1.2551
975,48,6,6,full,3.119,-0.003,-2.918,3.119,0.0582,0.4191,0.1262,0.6695,5.3838,1.8719,9.2952,16.2704,1.2551
976,48,6,6,three_quarter,2.582,0.319,-3.603,2.582,0.0582,0.4191,0.1262,0.6695,5.3838,1.8719,9.2952,16.2704,1.2551
977,48,6,6,half,5.708,0.94,-1.576,5.708,0.0582,0.4191,0.1262,0.6695,5.3838,1.8719,9.2952,16.2704,1.2551
978,48,6,6,full,1.523,-0.037,-1.843,1.523,0.0582,0.4191,0.1262,0.6695,5.3838,1.8719,9.2952,16.2704,1.2551
979,48,6,6,full,6.046,-0.48,-9.749,6.046,0.0582,0.4191,0.1262,0.6695,5.3838,1.8719,9.2952,16.2704,1.2551
980,49,6,6,three_quarter,2.232,0.182,-3.153,2.232,0.0958,0.7235,0.9647,0.1081,2.1541,2.2478,9.0961,19.3308,2.2849
981,49,6,6,quarter,3.94,0.755,-0.24,3.94,0.0958,0.7235,0.9647,0.1081,2.1541,2.2478,9.0961,19.3308,2.2849
982,49,6,6,quarter,4.031,0.836,-1.007,4.031,0.0958,0.7235,0.9647,0.1081,2.1541,2.2478,9.0961,19.3308,2.2849
983,49,6,6,zero,2.956,0.824,0.171,2.956,0.0958,0.7235,0.9647,0.1081,2.1541,2.2478,9.0961,19.3308,2.2849
984,49,6,6,half,5.412,0.779,-1.78,5.412,0.0958,0.7235,0.9647,0.1081,2.1541,2.2478,9.0961,19.3308,2.2849
985,49,6,6,half,1.033,0.272,-1.133,1.033,0.0958,0.7235,0.9647,0.1081,2.1541,2.2478,9.0961,19.3308,2.2849
986,49,6,6,three_quarter,3.463,-0.082,-2.154,3.463,0.0958,0.7235,0.9647,0.1081,2.1541,2.2478,9.0961,19.3308,2.2849
987,49,6,6,full,5.02,-0.309,-3.726,5.02,0.0958,0.7235,0.9647,0.1081,2.1541,2.2478,9.0961,19.3308,2.2849
988,49,6,6,half,1.38,-0.016,-0.863,1.38,0.0958,0.7235,0.9647,0.1081,2.1541,2.2478,9.0961,19.3308,2.2849
989,49,6,6,three_quarter,5.421,-0.002,-4.766,5.421,0.0958,0.7235,0.9647,0.1081,2.1541,2.2478,9.0961,19.3308,2.2849
990,49,6,6,three_quarter,0.635,-0.793,-3.692,0.635,0.0958,0.7235,0.9647,0.1081,2.1541,2.2478,9.0961,19.3308,2.2849
991,49,6,6,half,1.209,0.047,-1.005,1.209,0.0958,0.7235,0.9647,0.1081,2.1541,2.2478,9.0961,19.3308,2.2849
992,49,6,6,full,2.856,-0.281,-3.146,2.856,0.0958,0.7235,0.9647,0.1081,2.1541,2.2478,9.0961,19.3308,2.2849
993,49,6,6,three_quarter,2.292,0.192,-2.163,2.292,0.0958,0.7235,0.9647,0.1081,2.1541,2.2478,9.0961,19.3308,2.2849
994,49,6,6,three_quarter,1.31,0.463,-1.056,1.31,0.0958,0.7235,0.9647,0.1081,2.1541,2.2478,9.0961,19.3308,2.2849
995,49,6,6,quarter,4.427,0.882,-0.437,4.427,0.0958,0.7235,0.9647,0.1081,2.1541,2.2478,9.0961,19.3308,2.2849
996,49,6,6,three_quarter,3.671,-0.368,-4.672,3.671,0.0958,0.7235,0.9647,0.1081,2.1541,2.2478,9.0961,19.3308,2.2849
997,49,6,6,quarter,4.512,0.908,-0.35,4.512,0.0958,0.7235,0.9647,0.1081,2.1541,2.2478,9.0961,19.3308,2.2849
998,49,6,6,half,2.858,0.303,-1.068,2.858,0.0958,0.7235,0.9647,0.1081,2.1541,2.2478,9.0961,19.3308,2.2849
999,49,6,6,tenth,3.892,0.974,-0.182,3.892,0.0958,0.7235,0.9647,0.1081,2.1541,2.2478,9.0961,19.3308,2.2849
700,35,6,6,three_quarter,3.654,0.687,-1.55,3.654,0.1683,0.5192,0.4204,0.9404,6.0639,4.6112,8.5396,8.8152,2.9657
701,35,6,6,full,10.802,1.423,-4.899,10.802,0.1683,0.5192,0.4204,0.9404,6.0639,4.6112,8.5396,8.8152,2.9657
702,35,6,6,full,3.947,1.257,-1.277,3.947,0.1683,0.5192,0.4204,0.9404,6.0639,4.6112,8.5396,8.8152,2.9657
703,35,6,6,quarter,3.427,1.314,-0.833,3.427,0.1683,0.5192,0.4204,0.9404,6.0639,4.6112,8.5396,8.8152,2.9657
704,35,6,6,three_quarter,5.744,1.587,-0.131,5.744,0.1683,0.5192,0.4204,0.9404,6.0639,4.6112,8.5396,8.8152,2.9657
705,35,6,6,full,6.904,1.104,-1.943,6.904,0.1683,0.5192,0.4204,0.9404,6.0639,4.6112,8.5396,8.8152,2.9657
706,35,6,6,three_quarter,2.147,0.468,-1.0,2.147,0.1683,0.5192,0.4204,0.9404,6.0639,4.6112,8.5396,8.8152,2.9657
707,35,6,6,half,4.48,1.406,-0.604,4.48,0.1683,0.5192,0.4204,0.9404,6.0639,4.6112,8.5396,8.8152,2.9657
708,35,6,6,full,3.152,1.341,-1.41,3.152,0.1683,0.5192,0.4204,0.9404,6.0639,4.6112,8.5396,8.8152,2.9657
709,35,6,6,three_quarter,5.127,1.004,-2.016,5.127,0.1683,0.5192,0.4204,0.9404,6.0639,4.6112,8.5396,8.8152,2.9657
710,35,6,6,quarter,5.08,1.285,-1.912,5.08,0.1683,0.5192,0.4204,0.9404,6.0639,4.6112,8.5396,8.8152,2.9657
711,35,6,6,three_quarter,4.886,1.444,-1.191,4.886,0.1683,0.5192,0.4204,0.9404,6.0639,4.6112,8.5396,8.8152,2.9657
712,35,6,6,half,3.9,1.831,0.219,3.9,0.1683,0.5192,0.4204,0.9404,6.0639,4.6112,8.5396,8.8152,2.9657
713,35,6,6,three_quarter,3.734,1.231,-1.892,3.734,0.1683,0.5192,0.4204,0.9404,6.0639,4.6112,8.5396,8.8152,2.9657
714,35,6,6,quarter,4.265,1.246,-1.822,4.265,0.1683,0.5192,0.4204,0.9404,6.0639,4.6112,8.5396,8.8152,2.9657
715,35,6,6,half,6.562,1.042,-3.193,6.562,0.1683,0.5192,0.4204,0.9404,6.0639,4.6112,8.5396,8.8152,2.9657
716,35,6,6,full,4.349,1.614,-1.206,4.349,0.1683,0.5192,0.4204,0.9404,6.0639,4.6112,8.5396,8.8152,2.9657
717,35,6,6,three_quarter,1.647,0.679,-0.315,1.647,0.1683,0.5192,0.4204,0.9404,6.0639,4.6112,8.5396,8.8152,2.9657
718,35,6,6,half,4.611,1.527,-0.028,4.611,0.1683,0.5192,0.4204,0.9404,6.0639,4.6112,8.5396,8.8152,2.9657
719,35,6,6,quarter,4.5,1.305,-1.234,4.5,0.1683,0.5192,0.4204,0.9404,6.0639,4.6112,8.5396,8.8152,2.9657
720,36,6,6,full,4.597,0.468,-4.29,4.597,0.222,0.7539,0.6547,0.465,4.653,1.8548,7.2587,18.4189,4.0821
721,36,6,6,three_quarter,8.524,0.165,-6.579,8.524,0.222,0.7539,0.6547,0.465,4.653,1.8548,7.2587,18.4189,4.0821
722,36,6,6,quarter,5.658,1.405,-0.05,5.658,0.222,0.7539,0.6547,0.465,4.653,1.8548,7.2587,18.4189,4.0821
723,36,6,6,half,8.082,1.003,-3.545,8.082,0.222,0.7539,0.6547,0.465,4.653,1.8548,7.2587,18.4189,4.0821
724,36,6,6,full,1.981,0.672,-0.418,1.981,0.222,0.7539,0.6547,0.465,4.653,1.8548,7.2587,18.4189,4.0821
725,36,6,6,quarter,3.481,0.926,-1.393,3.481,0.222,0.7539,0.6547,0.465,4.653,1.8548,7.2587,18.4189,4.0821
726,36,6,6,half,6.845,0.919,-2.974,6.845,0.222,0.7539,0.6547,0.465,4.653,1.8548,7.2587,18.4189,4.0821
727,36,6,6,half,5.859,0.989,-2.637,5.859,0.222,0.7539,0.6547,0.465,4.653,1.8548,7.2587,18.4189,4.0821
728,36,6,6,three_quarter,4.054,0.427,-3.123,4.054,0.222,0.7539,0.6547,0.465,4.653,1.8548,7.2587,18.4189,4.0821
729,36,6,6,three_quarter,9.917,1.281,-2.494,9.917,0.222,0.7539,0.6547,0.465,4.653,1.8548,7.2587,18.4189,4.0821
730,36,6,6,quarter,4.789,1.458,-0.175,4.789,0.222,0.7539,0.6547,0.465,4.653,1.8548,7.2587,18.4189,4.0821
731,36,6,6,half,6.708,1.207,-1.357,6.708,0.222,0.7539,0.6547,0.465,4.653,1.8548,7.2587,18.4189,4.0821
732,36,6,6,full,6.92,-0.33,-11.369,6.92,0.222,0.7539,0.6547,0.465,4.653,1.8548,7.2587,18.4189,4.0821
733,36,6,6,half,0.714,-1.19,-4.565,0.714,0.222,0.7539,0.6547,0.465,4.653,1.8548,7.2587,18.4189,4.0821
734,36,6,6,full,4.917,-0.175,-8.903,4.917,0.222,0.7539,0.6547,0.465,4.653,1.8548,7.2587,18.4189,4.0821
735,36,6,6,three_quarter,4.216,0.433,-2.923,4.216,0.222,0.7539,0.6547,0.465,4.653,1.8548,7.2587,18.4189,4.0821
736,36,6,6,full,3.961,0.596,-1.92,3.961,0.222,0.7539,0.6547,0.465,4.653,1.8548,7.2587,18.4189,4.0821
737,36,6,6,three_quarter,2.77,0.845,-0.783,2.77,0.222,0.7539,0.6547,0.465,4.653,1.8548,7.2587,18.4189,4.0821
738,36,6,6,full,7.082,-0.434,-6.478,7.082,0.222,0.7539,0.6547,0.465,4.653,1.8548,7.2587,18.4189,4.0821
739,36,6,6,three_quarter,4.491,-0.346,-9.573,4.491,0.222,0.7539,0.6547,0.465,4.653,1.8548,7.2587,18.4189,4.0821
740,37,6,6,three_quarter,14.904,2.346,-2.055,14.904,0.2562,0.8094,0.3352,0.8184,6.5068,3.6912,5.0218,7.1861,0.6099
741,37,6,6,quarter,7.552,3.086,-0.332,7.552,0.2562,0.8094,0.3352,0.8184,6.5068,3.6912,5.0218,7.1861,0.6099
742,37,6,6,three_quarter,12.546,2.789,-0.947,12.546,0.2562,0.8094,0.3352,0.8184,6.5068,3.6912,5.0218,7.1861,0.6099
743,37,6,6,quarter,5.67,1.931,-0.421,5.67,0.2562,0.8094,0.3352,0.8184,6.5068,3.6912,5.0218,7.1861,0.6099
744,37,6,6,quarter,7.594,2.291,-0.276,7.594,0.2562,0.8094,0.3352,0.8184,6.5068,3.6912,5.0218,7.1861,0.6099
745,37,6,6,full,5.203,1.825,0.139,5.203,0.2562,0.8094,0.3352,0.8184,6.5068,3.6912,5.0218,7.1861,0.6099
746,37,6,6,three_quarter,6.809,2.641,-0.271,6.809,0.2562,0.8094,0.3352,0.8184,6.5068,3.6912,5.0218,7.1861,0.6099
747,37,6,6,full,15.201,2.621,-1.773,15.201,0.2562,0.8094,0.3352,0.8184,6.5068,3.6912,5.0218,7.1861,0.6099
748,37,6,6,half,11.558,2.608,-0.472,11.558,0.2562,0.8094,0.3352,0.8184,6.5068,3.6912,5.0218,7.1861,0.6099
749,37,6,6,half,13.341,2.48,-0.47,13.341,0.2562,0.8094,0.3352,0.8184,6.5068,3.6912,5.0218,7.1861,0.6099
750,37,6,6,quarter,10.251,3.051,0.07,10.251,0.2562,0.8094,0.3352,0.8184,6.5068,3.6912,5.0218,7.1861,0.6099
751,37,6,6,half,12.61,3.025,-0.375,12.61,0.2562,0.8094,0.3352,0.8184,6.5068,3.6912,5.0218,7.1861,0.6099
752,37,6,6,three_quarter,14.227,2.922,-1.625,14.227,0.2562,0.8094,0.3352,0.8184,6.5068,3.6912,5.0218,7.1861,0.6099
753,37,6,6,full,5.589,2.316,-0.273,5.589,0.2562,0.8094,0.3352,0.8184,6.5068,3.6912,5.0218,7.1861,0.6099
754,37,6,6,half,4.842,2.143,-0.149,4.842,0.2562,0.8094,0.3352,0.8184,6.5068,3.6912,5.0218,7.1861,0.6099
755,37,6,6,three_quarter,17.61,3.736,-0.509,17.61,0.2562,0.8094,0.3352,0.8184,6.5068,3.6912,5.0218,7.1861,0.6099
756,37,6,6,tenth,4.982,2.202,-0.105,4.982,0.2562,0.8094,0.3352,0.8184,6.5068,3.6912,5.0218,7.1861,0.6099
757,37,6,6,tenth,8.726,2.94,0.218,8.726,0.2562,0.8094,0.3352,0.8184,6.5068,3.6912,5.0218,7.1861,0.6099
758,37,6,6,full,17.719,2.789,-2.072,17.719,0.2562,0.8094,0.3352,0.8184,6.5068,3.6912,5.0218,7.1861,0.6099
759,37,6,6,half,11.25,2.866,-0.644,11.25,0.2562,0.8094,0.3352,0.8184,6.5068,3.6912,5.0218,7.1861,0.6099
760,38,6,6,three_quarter,3.123,1.701,0.216,3.123,0.3899,0.719,0.4144,0.6298,3.1666,3.7854,7.4494,7.9038,3.4523
761,38,6,6,full,5.0,1.293,-1.352,5.0,0.3899,0.719,0.4144,0.6298,3.1666,3.7854,7.4494,7.9038,3.4523
762,38,6,6,full,3.528,1.015,-0.67,3.528,0.3899,0.719,0.4144,0.6298,3.1666,3.7854,7.4494,7.9038,3.4523
763,38,6,6,full,8.188,1.259,-2.102,8.188,0.3899,0.719,0.4144,0.6298,3.1666,3.7854,7.4494,7.9038,3.4523
764,38,6,6,three_quarter,5.043,1.253,-1.408,5.043,0.3899,0.719,0.4144,0.6298,3.1666,3.7854,7.4494,7.9038,3.4523
765,38,6,6,full,5.871,1.645,-0.329,5.871,0.3899,0.719,0.4144,0.6298,3.1666,3.7854,7.4494,7.9038,3.4523
766,38,6,6,three_quarter,8.862,1.226,-2.913,8.862,0.3899,0.719,0.4144,0.6298,3.1666,3.7854,7.4494,7.9038,3.4523
767,38,6,6,three_quarter,5.257,1.017,-3.61,5.257,0.3899,0.719,0.4144,0.6298,3.1666,3.7854,7.4494,7.9038,3.4523
768,38,6,6,three_quarter,5.93,1.683,-0.407,5.93,0.3899,0.719,0.4144,0.6298,3.1666,3.7854,7.4494,7.9038,3.4523
769,38,6,6,quarter,4.255,2.033,0.586,4.255,0.3899,0.719,0.4144,0.6298,3.1666,3.7854,7.4494,7.9038,3.4523
770,38,6,6,full,5.749,1.732,-0.548,5.749,0.3899,0.719,0.4144,0.6298,3.1666,3.7854,7.4494,7.9038,3.4523
771,38,6,6,full,5.703,1.462,-1.351,5.703,0.3899,0.719,0.4144,0.6298,3.1666,3.7854,7.4494,7.9038,3.4523
772,38,6,6,full,9.207,1.171,-1.872,9.207,0.3899,0.719,0.4144,0.6298,3.1666,3.7854,7.4494,7.9038,3.4523
773,38,6,6,three_quarter,9.903,1.53,-1.276,9.903,0.3899,0.719,0.4144,0.6298,3.1666,3.7854,7.4494,7.9038,3.4523
774,38,6,6,full,9.072,1.152,-2.218,9.072,0.3899,0.719,0.4144,0.6298,3.1666,3.7854,7.4494,7.9038,3.4523
775,38,6,6,three_quarter,5.813,1.278,-1.546,5.813,0.3899,0.719,0.4144,0.6298,3.1666,3.7854,7.4494,7.9038,3.4523
776,38,6,6,three_quarter,5.898,1.768,0.102,5.898,0.3899,0.719,0.4144,0.6298,3.1666,3.7854,7.4494,7.9038,3.4523
777,38,6,6,full,5.292,1.845,-0.205,5.292,0.3899,0.719,0.4144,0.6298,3.1666,3.7854,7.4494,7.9038,3.4523
778,38,6,6,three_quarter,6.054,1.239,-2.223,6.054,0.3899,0.719,0.4144,0.6298,3.1666,3.7854,7.4494,7.9038,3.4523
779,38,6,6,three_quarter,3.45,0.639,-0.437,3.45,0.3899,0.719,0.4144,0.6298,3.1666,3.7854,7.4494,7.9038,3.4523
780,39,6,6,tenth,5.86,2.245,-0.145,5.86,0.358,0.7007,0.4251,0.1759,7.7478,3.0718,3.452,7.9872,4.3175
781,39,6,6,full,5.832,1.809,-0.533,5.832,0.358,0.7007,0.4251,0.1759,7.7478,3.0718,3.452,7.9872,4.3175
782,39,6,6,half,14.147,3.371,-0.173,14.147,0.358,0.7007,0.4251,0.1759,7.7478,3.0718,3.452,7.9872,4.3175
783,39,6,6,three_quarter,6.37,2.076,-0.779,6.37,0.358,0.7007,0.4251,0.1759,7.7478,3.0718,3.452,7.9872,4.3175
784,39,6,6,full,9.665,1.85,-2.241,9.665,0.358,0.7007,0.4251,0.1759,7.7478,3.0718,3.452,7.9872,4.3175
785,39,6,6,full,12.781,1.85,-2.787,12.781,0.358,0.7007,0.4251,0.1759,7.7478,3.0718,3.452,7.9872,4.3175
786,39,6,6,quarter,4.667,2.295,0.558,4.667,0.358,0.7007,0.4251,0.1759,7.7478,3.0718,3.452,7.9872,4.3175
787,39,6,6,half,13.231,2.651,-1.407,13.231,0.358,0.7007,0.4251,0.1759,7.7478,3.0718,3.452,7.9872,4.3175
788,39,6,6,full,10.998,2.868,-1.775,10.998,0.358,0.7007,0.4251,0.1759,7.7478,3.0718,3.452,7.9872,4.3175
789,39,6,6,full,10.997,1.707,-6.422,10.997,0.358,0.7007,0.4251,0.1759,7.7478,3.0718,3.452,7.9872,4.3175
790,39,6,6,full,7.209,1.753,-1.784,7.209,0.358,0.7007,0.4251,0.1759,7.7478,3.0718,3.452,7.9872,4.3175
791,39,6,6,three_quarter,11.271,2.387,-1.999,11.271,0.358,0.7007,0.4251,0.1759,7.7478,3.0718,3.452,7.9872,4.3175
792,39,6,6,three_quarter,6.885,2.125,-0.624,6.885,0.358,0.7007,0.4251,0.1759,7.7478,3.0718,3.452,7.9872,4.3175
793,39,6,6,half,11.955,3.048,-0.953,11.955,0.358,0.7007,0.4251,0.1759,7.7478,3.0718,3.452,7.9872,4.3175
794,39,6,6,quarter,7.044,2.481,0.061,7.044,0.358,0.7007,0.4251,0.1759,7.7478,3.0718,3.452,7.9872,4.3175
795,39,6,6,three_quarter,13.495,2.261,-3.159,13.495,0.358,0.7007,0.4251,0.1759,7.7478,3.0718,3.452,7.9872,4.3175
796,39,6,6,half,16.582,3.333,-0.194,16.582,0.358,0.7007,0.4251,0.1759,7.7478,3.0718,3.452,7.9872,4.3175
797,39,6,6,half,4.478,1.963,0.068,4.478,0.358,0.7007,0.4251,0.1759,7.7478,3.0718,3.452,7.9872,4.3175
798,39,6,6,full,8.449,1.875,-2.529,8.449,0.358,0.7007,0.4251,0.1759,7.7478,3.0718,3.452,7.9872,4.3175
799,39,6,6,half,13.883,3.755,-0.549,13.883,0.358,0.7007,0.4251,0.1759,7.7478,3.0718,3.452,7.9872,4.3175
600,30,6,6,full,5.232,2.553,-0.928,5.232,0.3743,0.781,0.7874,0.1081,7.233,4.4344,5.0019,17.0654,2.5714
601,30,6,6,full,11.962,2.104,-3.933,11.962,0.3743,0.781,0.7874,0.1081,7.233,4.4344,5.0019,17.0654,2.5714
602,30,6,6,three_quarter,17.777,4.105,-0.782,17.777,0.3743,0.781,0.7874,0.1081,7.233,4.4344,5.0019,17.0654,2.5714
603,30,6,6,three_quarter,14.435,1.513,-7.332,14.435,0.3743,0.781,0.7874,0.1081,7.233,4.4344,5.0019,17.0654,2.5714
604,30,6,6,three_quarter,4.781,2.402,-0.919,4.781,0.3743,0.781,0.7874,0.1081,7.233,4.4344,5.0019,17.0654,2.5714
605,30,6,6,three_quarter,8.687,2.482,-0.937,8.687,0.3743,0.781,0.7874,0.1081,7.233,4.4344,5.0019,17.0654,2.5714
606,30,6,6,full,6.903,1.952,-1.666,6.903,0.3743,0.781,0.7874,0.1081,7.233,4.4344,5.0019,17.0654,2.5714
607,30,6,6,full,13.854,1.467,-3.087,13.854,0.3743,0.781,0.7874,0.1081,7.233,4.4344,5.0019,17.0654,2.5714
608,30,6,6,full,11.702,1.744,-2.262,11.702,0.3743,0.781,0.7874,0.1081,7.233,4.4344,5.0019,17.0654,2.5714
609,30,6,6,half,17.381,3.634,-0.22,17.381,0.3743,0.781,0.7874,0.1081,7.233,4.4344,5.0019,17.0654,2.5714
610,30,6,6,three_quarter,14.705,2.16,-4.749,14.705,0.3743,0.781,0.7874,0.1081,7.233,4.4344,5.0019,17.0654,2.5714
611,30,6,6,half,10.388,3.283,0.013,10.388,0.3743,0.781,0.7874,0.1081,7.233,4.4344,5.0019,17.0654,2.5714
612,30,6,6,quarter,8.316,2.428,-1.106,8.316,0.3743,0.781,0.7874,0.1081,7.233,4.4344,5.0019,17.0654,2.5714
613,30,6,6,three_quarter,12.26,2.248,-1.691,12.26,0.3743,0.781,0.7874,0.1081,7.233,4.4344,5.0019,17.0654,2.5714
614,30,6,6,full,16.271,0.684,-9.654,16.271,0.3743,0.781,0.7874,0.1081,7.233,4.4344,5.0019,17.0654,2.5714
615,30,6,6,three_quarter,14.884,2.337,-2.694,14.884,0.3743,0.781,0.7874,0.1081,7.233,4.4344,5.0019,17.0654,2.5714
616,30,6,6,three_quarter,12.36,1.722,-4.924,12.36,0.3743,0.781,0.7874,0.1081,7.233,4.4344,5.0019,17.0654,2.5714
617,30,6,6,three_quarter,7.676,1.82,-4.102,7.676,0.3743,0.781,0.7874,0.1081,7.233,4.4344,5.0019,17.0654,2.5714
618,30,6,6,quarter,9.817,3.162,0.557,9.817,0.3743,0.781,0.7874,0.1081,7.233,4.4344,5.0019,17.0654,2.5714
619,30,6,6,full,6.485,1.944,-2.088,6.485,0.3743,0.781,0.7874,0.1081,7.233,4.4344,5.0019,17.0654,2.5714
620,31,6,6,half,8.322,0.747,-5.504,8.322,0.141,0.4505,0.1931,0.3283,7.1861,4.8676,5.5121,14.2637,2.2986
621,31,6,6,half,2.587,0.586,-0.324,2.587,0.141,0.4505,0.1931,0.3283,7.1861,4.8676,5.5121,14.2637,2.2986
622,31,6,6,half,8.396,1.514,-1.463,8.396,0.141,0.4505,0.1931,0.3283,7.1861,4.8676,5.5121,14.2637,2.2986
623,31,6,6,quarter,7.15,1.217,-1.697,7.15,0.141,0.4505,0.1931,0.3283,7.1861,4.8676,5.5121,14.2637,2.2986
624,31,6,6,full,2.58,0.658,-0.319,2.58,0.141,0.4505,0.1931,0.3283,7.1861,4.8676,5.5121,14.2637,2.2986
625,31,6,6,full,2.434,0.931,0.116,2.434,0.141,0.4505,0.1931,0.3283,7.1861,4.8676,5.5121,14.2637,2.2986
626,31,6,6,three_quarter,7.595,0.318,-4.69,7.595,0.141,0.4505,0.1931,0.3283,7.1861,4.8676,5.5121,14.2637,2.2986
627,31,6,6,zero,3.446,1.1,-0.134,3.446,0.141,0.4505,0.1931,0.3283,7.1861,4.8676,5.5121,14.2637,2.2986
628,31,6,6,quarter,7.408,1.442,-0.581,7.408,0.141,0.4505,0.1931,0.3283,7.1861,4.8676,5.5121,14.2637,2.2986
629,31,6,6,half,6.277,0.353,-5.041,6.277,0.141,0.4505,0.1931,0.3283,7.1861,4.8676,5.5121,14.2637,2.2986
630,31,6,6,half,9.679,0.913,-4.197,9.679,0.141,0.4505,0.1931,0.3283,7.1861,4.8676,5.5121,14.2637,2.2986
631,31,6,6,three_quarter,4.975,0.67,-1.498,4.975,0.141,0.4505,0.1931,0.3283,7.1861,4.8676,5.5121,14.2637,2.2986
632,31,6,6,half,7.922,0.713,-5.198,7.922,0.141,0.4505,0.1931,0.3283,7.1861,4.8676,5.5121,14.2637,2.2986
633,31,6,6,three_quarter,5.159,-0.424,-8.827,5.159,0.141,0.4505,0.1931,0.3283,7.1861,4.8676,5.5121,14.2637,2.2986
634,31,6,6,three_quarter,6.92,-0.228,-8.793,6.92,0.141,0.4505,0.1931,0.3283,7.1861,4.8676,5.5121,14.2637,2.2986
635,31,6,6,full,5.044,0.054,-6.417,5.044,0.141,0.4505,0.1931,0.3283,7.1861,4.8676,5.5121,14.2637,2.2986
636,31,6,6,full,1.843,0.771,-0.142,1.843,0.141,0.4505,0.1931,0.3283,7.1861,4.8676,5.5121,14.2637,2.2986
637,31,6,6,three_quarter,7.6,0.307,-6.184,7.6,0.141,0.4505,0.1931,0.3283,7.1861,4.8676,5.5121,14.2637,2.2986
638,31,6,6,quarter,6.812,1.521,-1.194,6.812,0.141,0.4505,0.1931,0.3283,7.1861,4.8676,5.5121,14.2637,2.2986
639,31,6,6,full,2.737,0.41,-1.908,2.737,0.141,0.4505,0.1931,0.3283,7.1861,4.8676,5.5121,14.2637,2.2986
640,32,6,6,full,12.146,1.713,-3.885,12.146,0.4257,0.7718,0.9704,0.1786,7.7752,2.0619,3.9756,10.953,3.7785
641,32,6,6,three_quarter,11.211,2.55,-3.143,11.211,0.4257,0.7718,0.9704,0.1786,7.7752,2.0619,3.9756,10.953,3.7785
642,32,6,6,half,8.135,3.003,-1.202,8.135,0.4257,0.7718,0.9704,0.1786,7.7752,2.0619,3.9756,10.953,3.7785
643,32,6,6,quarter,5.301,1.753,0.025,5.301,0.4257,0.7718,0.9704,0.1786,7.7752,2.0619,3.9756,10.953,3.7785
644,32,6,6,three_quarter,7.251,2.402,0.263,7.251,0.4257,0.7718,0.9704,0.1786,7.7752,2.0619,3.9756,10.953,3.7785
645,32,6,6,three_quarter,11.818,2.224,-5.371,11.818,0.4257,0.7718,0.9704,0.1786,7.7752,2.0619,3.9756,10.953,3.7785
646,32,6,6,three_quarter,17.209,2.973,-1.113,17.209,0.4257,0.7718,0.9704,0.1786,7.7752,2.0619,3.9756,10.953,3.7785
647,32,6,6,three_quarter,15.663,2.463,-3.254,15.663,0.4257,0.7718,0.9704,0.1786,7.7752,2.0619,3.9756,10.953,3.7785
648,32,6,6,half,12.031,2.986,-1.59,12.031,0.4257,0.7718,0.9704,0.1786,7.7752,2.0619,3.9756,10.953,3.7785
649,32,6,6,full,10.091,2.754,-1.342,10.091,0.4257,0.7718,0.9704,0.1786,7.7752,2.0619,3.9756,10.953,3.7785
650,32,6,6,three_quarter,15.354,2.906,-1.054,15.354,0.4257,0.7718,0.9704,0.1786,7.7752,2.0619,3.9756,10.953,3.7785
651,32,6,6,half,6.47,2.421,-0.12,6.47,0.4257,0.7718,0.9704,0.1786,7.7752,2.0619,3.9756,10.953,3.7785
652,32,6,6,full,16.366,2.577,-2.894,16.366,0.4257,0.7718,0.9704,0.1786,7.7752,2.0619,3.9756,10.953,3.7785
653,32,6,6,full,17.558,2.449,-3.222,17.558,0.4257,0.7718,0.9704,0.1786,7.7752,2.0619,3.9756,10.953,3.7785
654,32,6,6,half,7.925,2.822,-1.823,7.925,0.4257,0.7718,0.9704,0.1786,7.7752,2.0619,3.9756,10.953,3.7785
655,32,6,6,three_quarter,12.283,2.734,-0.722,12.283,0.4257,0.7718,0.9704,0.1786,7.7752,2.0619,3.9756,10.953,3.7785
656,32,6,6,full,7.54,1.999,-0.154,7.54,0.4257,0.7718,0.9704,0.1786,7.7752,2.0619,3.9756,10.953,3.7785
657,32,6,6,full,11.729,1.75,-5.113,11.729,0.4257,0.7718,0.9704,0.1786,7.7752,2.0619,3.9756,10.953,3.7785
658,32,6,6,three_quarter,19.619,3.392,-2.454,19.619,0.4257,0.7718,0.9704,0.1786,7.7752,2.0619,3.9756,10.953,3.7785
659,32,6,6,three_quarter,3.602,1.849,-0.066,3.602,0.4257,0.7718,0.9704,0.1786,7.7752,2.0619,3.9756,10.953,3.7785
660,33,6,6,three_quarter,14.533,2.083,-2.03,14.533,0.2546,0.7086,0.5766,0.2547,6.2527,1.0068,11.3302,12.6152,3.7374
661,33,6,6,full,9.213,1.655,-2.371,9.213,0.2546,0.7086,0.5766,0.2547,6.2527,1.0068,11.3302,12.6152,3.7374
662,33,6,6,full,2.766,0.811,-2.281,2.766,0.2546,0.7086,0.5766,0.2547,6.2527,1.0068,11.3302,12.6152,3.7374
663,33,6,6,full,6.283,1.112,-2.074,6.283,0.2546,0.7086,0.5766,0.2547,6.2527,1.0068,11.3302,12.6152,3.7374
664,33,6,6,three_quarter,4.901,2.039,-0.397,4.901,0.2546,0.7086,0.5766,0.2547,6.2527,1.0068,11.3302,12.6152,3.7374
665,33,6,6,full,7.649,0.866,-2.815,7.649,0.2546,0.7086,0.5766,0.2547,6.2527,1.0068,11.3302,12.6152,3.7374
666,33,6,6,quarter,6.099,1.742,-0.7,6.099,0.2546,0.7086,0.5766,0.2547,6.2527,1.0068,11.3302,12.6152,3.7374
667,33,6,6,full,5.986,1.126,-3.945,5.986,0.2546,0.7086,0.5766,0.2547,6.2527,1.0068,11.3302,12.6152,3.7374
668,33,6,6,half,12.151,2.753,-0.698,12.151,0.2546,0.7086,0.5766,0.2547,6.2527,1.0068,11.3302,12.6152,3.7374
669,33,6,6,full,4.416,1.327,-0.627,4.416,0.2546,0.7086,0.5766,0.2547,6.2527,1.0068,11.3302,12.6152,3.7374
670,33,6,6,half,11.973,2.474,-0.719,11.973,0.2546,0.7086,0.5766,0.2547,6.2527,1.0068,11.3302,12.6152,3.7374
671,33,6,6,three_quarter,5.757,1.101,-1.05,5.757,0.2546,0.7086,0.5766,0.2547,6.2527,1.0068,11.3302,12.6152,3.7374
672,33,6,6,half,8.121,2.544,-0.969,8.121,0.2546,0.7086,0.5766,0.2547,6.2527,1.0068,11.3302,12.6152,3.7374
673,33,6,6,three_quarter,9.462,2.063,-1.003,9.462,0.2546,0.7086,0.5766,0.2547,6.2527,1.0068,11.3302,12.6152,3.7374
674,33,6,6,half,12.593,2.424,-1.748,12.593,0.2546,0.7086,0.5766,0.2547,6.2527,1.0068,11.3302,12.6152,3.7374
675,33,6,6,full,7.566,0.862,-2.48,7.566,0.2546,0.7086,0.5766,0.2547,6.2527,1.0068,11.3302,12.6152,3.7374
676,33,6,6,full,14.537,1.228,-9.285,14.537,0.2546,0.7086,0.5766,0.2547,6.2527,1.0068,11.3302,12.6152,3.7374
677,33,6,6,full,6.306,1.201,-1.543,6.306,0.2546,0.7086,0.5766,0.2547,6.2527,1.0068,11.3302,12.6152,3.7374
678,33,6,6,half,3.051,1.011,-0.109,3.051,0.2546,0.7086,0.5766,0.2547,6.2527,1.0068,11.3302,12.6152,3.7374
679,33,6,6,three_quarter,15.18,1.803,-3.099,15.18,0.2546,0.7086,0.5766,0.2547,6.2527,1.0068,11.3302,12.6152,3.7374
680,34,6,6,half,5.814,1.002,-0.65,5.814,0.1957,0.5237,0.6642,0.3302,3.8835,4.3921,9.4778,8.8052,1.8918
681,34,6,6,half,5.306,0.882,-1.451,5.306,0.1957,0.5237,0.6642,0.3302,3.8835,4.3921,9.4778,8.8052,1.8918
682,34,6,6,full,4.726,0.655,-2.74,4.726,0.1957,0.5237,0.6642,0.3302,3.8835,4.3921,9.4778,8.8052,1.8918
683,34,6,6,tenth,3.653,1.418,-0.259,3.653,0.1957,0.5237,0.6642,0.3302,3.8835,4.3921,9.4778,8.8052,1.8918
684,34,6,6,three_quarter,2.557,0.526,-0.586,2.557,0.1957,0.5237,0.6642,0.3302,3.8835,4.3921,9.4778,8.8052,1.8918
685,34,6,6,full,5.757,1.271,-0.77,5.757,0.1957,0.5237,0.6642,0.3302,3.8835,4.3921,9.4778,8.8052,1.8918
686,34,6,6,full,3.125,1.291,0.062,3.125,0.1957,0.5237,0.6642,0.3302,3.8835,4.3921,9.4778,8.8052,1.8918
687,34,6,6,half,4.485,0.885,-0.059,4.485,0.1957,0.5237,0.6642,0.3302,3.8835,4.3921,9.4778,8.8052,1.8918
688,34,6,6,zero,3.489,1.453,0.057,3.489,0.1957,0.5237,0.6642,0.3302,3.8835,4.3921,9.4778,8.8052,1.8918
689,34,6,6,three_quarter,6.598,0.931,-2.377,6.598,0.1957,0.5237,0.6642,0.3302,3.8835,4.3921,9.4778,8.8052,1.8918
690,34,6,6,quarter,3.322,1.297,-0.643,3.322,0.1957,0.5237,0.6642,0.3302,3.8835,4.3921,9.4778,8.8052,1.8918
691,34,6,6,half,5.959,1.23,-0.279,5.959,0.1957,0.5237,0.6642,0.3302,3.8835,4.3921,9.4778,8.8052,1.8918
692,34,6,6,three_quarter,4.252,1.149,-1.37,4.252,0.1957,0.5237,0.6642,0.3302,3.8835,4.3921,9.4778,8.8052,1.8918
693,34,6,6,half,6.806,0.954,-1.473,6.806,0.1957,0.5237,0.6642,0.3302,3.8835,4.3921,9.4778,8.8052,1.8918
694,34,6,6,full,3.945,1.384,-0.493,3.945,0.1957,0.5237,0.6642,0.3302,3.8835,4.3921,9.4778,8.8052,1.8918
695,34,6,6,full,7.69,1.51,-0.417,7.69,0.1957,0.5237,0.6642,0.3302,3.8835,4.3921,9.4778,8.8052,1.8918
696,34,6,6,three_quarter,8.28,1.179,-3.009,8.28,0.1957,0.5237,0.6642,0.3302,3.8835,4.3921,9.4778,8.8052,1.8918
697,34,6,6,half,5.665,0.975,-1.117,5.665,0.1957,0.5237,0.6642,0.3302,3.8835,4.3921,9.4778,8.8052,1.8918
698,34,6,6,zero,3.185,1.445,-0.126,3.185,0.1957,0.5237,0.6642,0.3302,3.8835,4.3921,9.4778,8.8052,1.8918
699,34,6,6,quarter,4.397,0.987,-1.135,4.397,0.1957,0.5237,0.6642,0.3302,3.8835,4.3921,9.4778,8.8052,1.8918
800,40,6,6,zero,7.248,2.841,0.085,7.248,0.317,0.99,0.5955,0.95,7.3486,3.4506,9.4735,12.0765,4.2376
801,40,6,6,quarter,8.777,2.751,-0.442,8.777,0.317,0.99,0.5955,0.95,7.3486,3.4506,9.4735,12.0765,4.2376
802,40,6,6,quarter,7.601,3.18,0.076,7.601,0.317,0.99,0.5955,0.95,7.3486,3.4506,9.4735,12.0765,4.2376
803,40,6,6,three_quarter,22.397,4.413,-0.429,22.397,0.317,0.99,0.5955,0.95,7.3486,3.4506,9.4735,12.0765,4.2376
804,40,6,6,three_quarter,18.24,4.202,-0.642,18.24,0.317,0.99,0.5955,0.95,7.3486,3.4506,9.4735,12.0765,4.2376
805,40,6,6,tenth,8.386,3.065,-0.08,8.386,0.317,0.99,0.5955,0.95,7.3486,3.4506,9.4735,12.0765,4.2376
806,40,6,6,half,13.827,2.98,-1.161,13.827,0.317,0.99,0.5955,0.95,7.3486,3.4506,9.4735,12.0765,4.2376
807,40,6,6,three_quarter,20.473,3.317,-2.76,20.473,0.317,0.99,0.5955,0.95,7.3486,3.4506,9.4735,12.0765,4.2376
808,40,6,6,three_quarter,5.481,3.076,0.097,5.481,0.317,0.99,0.5955,0.95,7.3486,3.4506,9.4735,12.0765,4.2376
809,40,6,6,zero,4.741,2.43,0.113,4.741,0.317,0.99,0.5955,0.95,7.3486,3.4506,9.4735,12.0765,4.2376
810,40,6,6,half,18.254,4.124,-0.202,18.254,0.317,0.99,0.5955,0.95,7.3486,3.4506,9.4735,12.0765,4.2376
811,40,6,6,half,14.483,3.376,0.036,14.483,0.317,0.99,0.5955,0.95,7.3486,3.4506,9.4735,12.0765,4.2376
812,40,6,6,full,18.525,3.093,-1.367,18.525,0.317,0.99,0.5955,0.95,7.3486,3.4506,9.4735,12.0765,4.2376
813,40,6,6,quarter,11.987,2.715,0.105,11.987,0.317,0.99,0.5955,0.95,7.3486,3.4506,9.4735,12.0765,4.2376
814,40,6,6,three_quarter,8.322,3.061,-0.185,8.322,0.317,0.99,0.5955,0.95,7.3486,3.4506,9.4735,12.0765,4.2376
815,40,6,6,half,20.291,4.138,0.112,20.291,0.317,0.99,0.5955,0.95,7.3486,3.4506,9.4735,12.0765,4.2376
816,40,6,6,half,12.966,3.503,-0.059,12.966,0.317,0.99,0.5955,0.95,7.3486,3.4506,9.4735,12.0765,4.2376
817,40,6,6,three_quarter,9.735,2.081,-1.69,9.735,0.317,0.99,0.5955,0.95,7.3486,3.4506,9.4735,12.0765,4.2376
818,40,6,6,full,8.615,3.369,-0.18,8.615,0.317,0.99,0.5955,0.95,7.3486,3.4506,9.4735,12.0765,4.2376
819,40,6,6,full,8.374,2.954,-0.079,8.374,0.317,0.99,0.5955,0.95,7.3486,3.4506,9.4735,12.0765,4.2376
820,41,6,6,three_quarter,13.344,2.385,-3.322,13.344,0.3475,0.8373,0.2592,0.2472,5.826,4.0633,7.6917,14.028,1.7357
821,41,6,6,full,5.495,1.675,-1.425,5.495,0.3475,0.8373,0.2592,0.2472,5.826,4.0633,7.6917,14.028,1.7357
822,41,6,6,tenth,5.712,2.405,-0.051,5.712,0.3475,0.8373,0.2592,0.2472,5.826,4.0633,7.6917,14.028,1.7357
823,41,6,6,full,7.584,2.828,-0.158,7.584,0.3475,0.8373,0.2592,0.2472,5.826,4.0633,7.6917,14.028,1.7357
824,41,6,6,full,11.63,2.213,-1.048,11.63,0.3475,0.8373,0.2592,0.2472,5.826,4.0633,7.6917,14.028,1.7357
825,41,6,6,full,18.089,2.552,-3.73,18.089,0.3475,0.8373,0.2592,0.2472,5.826,4.0633,7.6917,14.028,1.7357
826,41,6,6,three_quarter,8.983,1.852,-0.218,8.983,0.3475,0.8373,0.2592,0.2472,5.826,4.0633,7.6917,14.028,1.7357
827,41,6,6,full,11.642,1.523,-2.18,11.642,0.3475,0.8373,0.2592,0.2472,5.826,4.0633,7.6917,14.028,1.7357
828,41,6,6,three_quarter,13.029,2.619,-0.932,13.029,0.3475,0.8373,0.2592,0.2472,5.826,4.0633,7.6917,14.028,1.7357
829,41,6,6,quarter,5.164,2.113,-0.956,5.164,0.3475,0.8373,0.2592,0.2472,5.826,4.0633,7.6917,14.028,1.7357
830,41,6,6,full,12.482,1.482,-4.45,12.482,0.3475,0.8373,0.2592,0.2472,5.826,4.0633,7.6917,14.028,1.7357
831,41,6,6,full,5.698,2.077,-0.115,5.698,0.3475,0.8373,0.2592,0.2472,5.826,4.0633,7.6917,14.028,1.7357
832,41,6,6,full,17.146,2.36,-2.502,17.146,0.3475,0.8373,0.2592,0.2472,5.826,4.0633,7.6917,14.028,1.7357
833,41,6,6,three_quarter,8.623,2.693,-0.29,8.623,0.3475,0.8373,0.2592,0.2472,5.826,4.0633,7.6917,14.028,1.7357
834,41,6,6,quarter,8.23,2.73,-0.104,8.23,0.3475,0.8373,0.2592,0.2472,5.826,4.0633,7.6917,14.028,1.7357
835,41,6,6,three_quarter,8.654,2.426,-0.787,8.654,0.3475,0.8373,0.2592,0.2472,5.826,4.0633,7.6917,14.028,1.7357
836,41,6,6,full,10.195,1.706,-0.846,10.195,0.3475,0.8373,0.2592,0.2472,5.826,4.0633,7.6917,14.028,1.7357
837,41,6,6,full,9.29,1.896,-1.799,9.29,0.3475,0.8373,0.2592,0.2472,5.826,4.0633,7.6917,14.028,1.7357
838,41,6,6,full,14.595,1.612,-3.01,14.595,0.3475,0.8373,0.2592,0.2472,5.826,4.0633,7.6917,14.028,1.7357
839,41,6,6,quarter,8.379,2.704,0.326,8.379,0.3475,0.8373,0.2592,0.2472,5.826,4.0633,7.6917,14.028,1.7357
840,42,6,6,three_quarter,3.737,1.212,0.019,3.737,0.1587,0.5866,0.5402,0.1384,3.3876,3.7758,9.3578,5.0277,2.3342
841,42,6,6,three_quarter,1.004,0.039,-0.995,1.004,0.1587,0.5866,0.5402,0.1384,3.3876,3.7758,9.3578,5.0277,2.3342
842,42,6,6,full,4.08,1.434,-0.054,4.08,0.1587,0.5866,0.5402,0.1384,3.3876,3.7758,9.3578,5.0277,2.3342
843,42,6,6,full,2.579,0.531,-0.446,2.579,0.1587,0.5866,0.5402,0.1384,3.3876,3.7758,9.3578,5.0277,2.3342
844,42,6,6,full,4.982,1.487,-0.715,4.982,0.1587,0.5866,0.5402,0.1384,3.3876,3.7758,9.3578,5.0277,2.3342
845,42,6,6,three_quarter,1.648,0.319,-0.59,1.648,0.1587,0.5866,0.5402,0.1384,3.3876,3.7758,9.3578,5.0277,2.3342
846,42,6,6,full,4.056,0.619,-1.185,4.056,0.1587,0.5866,0.5402,0.1384,3.3876,3.7758,9.3578,5.0277,2.3342
847,42,6,6,half,4.646,0.783,-0.103,4.646,0.1587,0.5866,0.5402,0.1384,3.3876,3.7758,9.3578,5.0277,2.3342
848,42,6,6,tenth,3.334,1.339,-0.125,3.334,0.1587,0.5866,0.5402,0.1384,3.3876,3.7758,9.3578,5.0277,2.3342
849,42,6,6,quarter,4.318,1.165,-0.279,4.318,0.1587,0.5866,0.5402,0.1384,3.3876,3.7758,9.3578,5.0277,2.3342
850,42,6,6,half,0.588,-0.269,-1.974,0.588,0.1587,0.5866,0.5402,0.1384,3.3876,3.7758,9.3578,5.0277,2.3342
851,42,6,6,full,5.347,1.764,-0.167,5.347,0.1587,0.5866,0.5402,0.1384,3.3876,3.7758,9.3578,5.0277,2.3342
852,42,6,6,zero,2.311,1.22,-0.009,2.311,0.1587,0.5866,0.5402,0.1384,3.3876,3.7758,9.3578,5.0277,2.3342
853,42,6,6,three_quarter,4.617,0.874,-0.358,4.617,0.1587,0.5866,0.5402,0.1384,3.3876,3.7758,9.3578,5.0277,2.3342
854,42,6,6,three_quarter,2.984,0.6,-0.348,2.984,0.1587,0.5866,0.5402,0.1384,3.3876,3.7758,9.3578,5.0277,2.3342
855,42,6,6,tenth,3.382,1.293,-0.191,3.382,0.1587,0.5866,0.5402,0.1384,3.3876,3.7758,9.3578,5.0277,2.3342
856,42,6,6,quarter,4.262,1.08,-0.329,4.262,0.1587,0.5866,0.5402,0.1384,3.3876,3.7758,9.3578,5.0277,2.3342
857,42,6,6,half,0.933,0.084,-0.509,0.933,0.1587,0.5866,0.5402,0.1384,3.3876,3.7758,9.3578,5.0277,2.3342
858,42,6,6,three_quarter,7.798,1.194,-1.532,7.798,0.1587,0.5866,0.5402,0.1384,3.3876,3.7758,9.3578,5.0277,2.3342
859,42,6,6,half,4.687,0.951,-0.473,4.687,0.1587,0.5866,0.5402,0.1384,3.3876,3.7758,9.3578,5.0277,2.3342
860,43,6,6,half,6.096,1.39,-2.512,6.096,0.1327,0.6008,0.9048,0.5841,6.1731,4.4269,9.8904,10.0861,0.5265
861,43,6,6,full,5.544,1.47,-0.143,5.544,0.1327,0.6008,0.9048,0.5841,6.1731,4.4269,9.8904,10.0861,0.5265
862,43,6,6,half,7.984,2.096,-1.429,7.984,0.1327,0.6008,0.9048,0.5841,6.1731,4.4269,9.8904,10.0861,0.5265
863,43,6,6,full,7.55,1.953,-3.524,7.55,0.1327,0.6008,0.9048,0.5841,6.1731,4.4269,9.8904,10.0861,0.5265
864,43,6,6,three_quarter,10.323,1.853,-1.476,10.323,0.1327,0.6008,0.9048,0.5841,6.1731,4.4269,9.8904,10.0861,0.5265
865,43,6,6,quarter,5.463,2.183,-0.927,5.463,0.1327,0.6008,0.9048,0.5841,6.1731,4.4269,9.8904,10.0861,0.5265
866,43,6,6,full,7.739,1.57,-2.762,7.739,0.1327,0.6008,0.9048,0.5841,6.1731,4.4269,9.8904,10.0861,0.5265
867,43,6,6,full,5.072,1.632,-0.992,5.072,0.1327,0.6008,0.9048,0.5841,6.1731,4.4269,9.8904,10.0861,0.5265
868,43,6,6,full,7.717,1.906,-1.725,7.717,0.1327,0.6008,0.9048,0.5841,6.1731,4.4269,9.8904,10.0861,0.5265
869,43,6,6,full,7.622,1.434,-2.702,7.622,0.1327,0.6008,0.9048,0.5841,6.1731,4.4269,9.8904,10.0861,0.5265
870,43,6,6,quarter,5.078,1.61,-0.704,5.078,0.1327,0.6008,0.9048,0.5841,6.1731,4.4269,9.8904,10.0861,0.5265
871,43,6,6,three_quarter,7.172,1.049,-4.01,7.172,0.1327,0.6008,0.9048,0.5841,6.1731,4.4269,9.8904,10.0861,0.5265
872,43,6,6,full,9.366,1.573,-2.065,9.366,0.1327,0.6008,0.9048,0.5841,6.1731,4.4269,9.8904,10.0861,0.5265
873,43,6,6,three_quarter,7.193,2.192,-0.672,7.193,0.1327,0.6008,0.9048,0.5841,6.1731,4.4269,9.8904,10.0861,0.5265
874,43,6,6,quarter,7.64,2.053,-0.088,7.64,0.1327,0.6008,0.9048,0.5841,6.1731,4.4269,9.8904,10.0861,0.5265
875,43,6,6,three_quarter,5.712,1.686,-0.496,5.712,0.1327,0.6008,0.9048,0.5841,6.1731,4.4269,9.8904,10.0861,0.5265
876,43,6,6,quarter,3.059,1.486,-0.942,3.059,0.1327,0.6008,0.9048,0.5841,6.1731,4.4269,9.8904,10.0861,0.5265
877,43,6,6,tenth,3.226,1.483,0.023,3.226,0.1327,0.6008,0.9048,0.5841,6.1731,4.4269,9.8904,10.0861,0.5265
878,43,6,6,three_quarter,7.937,1.692,-0.96,7.937,0.1327,0.6008,0.9048,0.5841,6.1731,4.4269,9.8904,10.0861,0.5265
879,43,6,6,full,6.735,1.241,-2.392,6.735,0.1327,0.6008,0.9048,0.5841,6.1731,4.4269,9.8904,10.0861,0.5265
880,44,6,6,three_quarter,5.049,2.338,0.491,5.049,0.3914,0.99,0.419,0.7475,5.2768,3.413,4.9848,7.5107,2.4613
881,44,6,6,tenth,5.63,2.733,-0.06,5.63,0.3914,0.99,0.419,0.7475,5.2768,3.413,4.9848,7.5107,2.4613
882,44,6,6,zero,5.713,2.838,0.103,5.713,0.3914,0.99,0.419,0.7475,5.2768,3.413,4.9848,7.5107,2.4613
883,44,6,6,full,16.59,2.899,-1.321,16.59,0.3914,0.99,0.419,0.7475,5.2768,3.413,4.9848,7.5107,2.4613
884,44,6,6,quarter,6.372,2.435,-0.022,6.372,0.3914,0.99,0.419,0.7475,5.2768,3.413,4.9848,7.5107,2.4613
885,44,6,6,full,7.192,2.566,-0.101,7.192,0.3914,0.99,0.419,0.7475,5.2768,3.413,4.9848,7.5107,2.4613
886,44,6,6,half,9.292,3.19,-0.363,9.292,0.3914,0.99,0.419,0.7475,5.2768,3.413,4.9848,7.5107,2.4613
887,44,6,6,full,7.386,2.132,-0.076,7.386,0.3914,0.99,0.419,0.7475,5.2768,3.413,4.9848,7.5107,2.4613
888,44,6,6,full,17.057,2.744,-1.99,17.057,0.3914,0.99,0.419,0.7475,5.2768,3.413,4.9848,7.5107,2.4613
889,44,6,6,three_quarter,8.246,2.586,-0.195,8.246,0.3914,0.99,0.419,0.7475,5.2768,3.413,4.9848,7.5107,2.4613
890,44,6,6,full,5.892,2.446,-0.115,5.892,0.3914,0.99,0.419,0.7475,5.2768,3.413,4.9848,7.5107,2.4613
891,44,6,6,half,9.513,2.572,-0.268,9.513,0.3914,0.99,0.419,0.7475,5.2768,3.413,4.9848,7.5107,2.4613
892,44,6,6,quarter,8.575,3.243,0.111,8.575,0.3914,0.99,0.419,0.7475,5.2768,3.413,4.9848,7.5107,2.4613
893,44,6,6,three_quarter,8.774,2.45,0.072,8.774,0.3914,0.99,0.419,0.7475,5.2768,3.413,4.9848,7.5107,2.4613
894,44,6,6,three_quarter,6.069,2.015,-0.259,6.069,0.3914,0.99,0.419,0.7475,5.2768,3.413,4.9848,7.5107,2.4613
895,44,6,6,half,6.189,2.569,0.29,6.189,0.3914,0.99,0.419,0.7475,5.2768,3.413,4.9848,7.5107,2.4613
896,44,6,6,three_quarter,12.865,2.329,-2.379,12.865,0.3914,0.99,0.419,0.7475,5.2768,3.413,4.9848,7.5107,2.4613
897,44,6,6,full,10.169,2.248,-0.19,10.169,0.3914,0.99,0.419,0.7475,5.2768,3.413,4.9848,7.5107,2.4613
898,44,6,6,full,16.32,2.312,-4.276,16.32,0.3914,0.99,0.419,0.7475,5.2768,3.413,4.9848,7.5107,2.4613
899,44,6,6,half,5.159,2.666,-0.031,5.159,0.3914,0.99,0.419,0.7475,5.2768,3.413,4.9848,7.5107,2.4613
